2026-07-20 12:56:49 | INFO     | extract_sensors | === Starting extract_sensors.py ===
2026-07-20 12:56:49 | INFO     | extract_sensors | Loaded 746 unique location IDs from C:\Users\Sweta\OneDrive\Desktop\SHWETA DATA\Data Scientist resume\master project\India-Air-Quality-Analysis\data\raw\locations_raw.csv
2026-07-20 12:57:53 | WARNING  | extract_sensors | Rate limit hit (429). Sleeping 22s before retry (1/5)...
2026-07-20 12:58:55 | WARNING  | extract_sensors | Rate limit hit (429). Sleeping 21s before retry (1/5)...
2026-07-20 12:59:58 | WARNING  | extract_sensors | Rate limit hit (429). Sleeping 19s before retry (1/5)...
2026-07-20 13:00:56 | WARNING  | extract_sensors | Rate limit hit (429). Sleeping 22s before retry (1/5)...
2026-07-20 13:01:59 | WARNING  | extract_sensors | Rate limit hit (429). Sleeping 20s before retry (1/5)...
2026-07-20 13:03:04 | WARNING  | extract_sensors | Rate limit hit (429). Sleeping 16s before retry (1/5)...
2026-07-20 13:04:02 | WARNING  | extract_sensors | Rate limit hit (429). Sleeping 19s before retry (1/5)...
2026-07-20 13:05:31 | ERROR    | extract_sensors | Request failed [500] for https://api.openaq.org/v3/locations/3409327/sensors (attempt 1/5): Internal Server Error
2026-07-20 13:05:31 | INFO     | extract_sensors | Retrying in 2s...
2026-07-20 13:06:37 | ERROR    | extract_sensors | Request failed [500] for https://api.openaq.org/v3/locations/3409327/sensors (attempt 2/5): Internal Server Error
2026-07-20 13:06:37 | INFO     | extract_sensors | Retrying in 4s...
2026-07-20 13:07:45 | ERROR    | extract_sensors | Request failed [500] for https://api.openaq.org/v3/locations/3409327/sensors (attempt 3/5): Internal Server Error
2026-07-20 13:07:45 | INFO     | extract_sensors | Retrying in 8s...
2026-07-20 13:08:10 | INFO     | extract_sensors | === Starting extract_sensors.py ===
2026-07-20 13:08:10 | INFO     | extract_sensors | Loaded 746 unique location IDs from C:\Users\Sweta\OneDrive\Desktop\SHWETA DATA\Data Scientist resume\master project\India-Air-Quality-Analysis\data\raw\locations_raw.csv
2026-07-20 13:57:20 | INFO     | extract_sensors | === Starting extract_sensors.py ===
2026-07-20 13:57:20 | INFO     | extract_sensors | Loaded 746 unique location IDs
2026-07-20 13:57:20 | INFO     | extract_sensors | Processing 1/746 | Location ID = 12
2026-07-20 13:57:22 | INFO     | extract_sensors | Processing 2/746 | Location ID = 13
2026-07-20 13:57:23 | INFO     | extract_sensors | Processing 3/746 | Location ID = 15
2026-07-20 13:57:24 | INFO     | extract_sensors | Processing 4/746 | Location ID = 16
2026-07-20 13:57:25 | INFO     | extract_sensors | Processing 5/746 | Location ID = 17
2026-07-20 13:57:25 | INFO     | extract_sensors | Processing 6/746 | Location ID = 50
2026-07-20 13:57:26 | INFO     | extract_sensors | Processing 7/746 | Location ID = 103
2026-07-20 13:57:27 | INFO     | extract_sensors | Processing 8/746 | Location ID = 235
2026-07-20 13:57:27 | INFO     | extract_sensors | Processing 9/746 | Location ID = 236
2026-07-20 13:57:28 | INFO     | extract_sensors | Processing 10/746 | Location ID = 286
2026-07-20 13:57:29 | INFO     | extract_sensors | Processing 11/746 | Location ID = 301
2026-07-20 13:57:29 | INFO     | extract_sensors | Processing 12/746 | Location ID = 346
2026-07-20 13:57:30 | INFO     | extract_sensors | Processing 13/746 | Location ID = 354
2026-07-20 13:57:30 | INFO     | extract_sensors | Processing 14/746 | Location ID = 378
2026-07-20 13:57:31 | INFO     | extract_sensors | Processing 15/746 | Location ID = 407
2026-07-20 13:57:31 | INFO     | extract_sensors | Processing 16/746 | Location ID = 412
2026-07-20 13:57:32 | INFO     | extract_sensors | Processing 17/746 | Location ID = 431
2026-07-20 13:57:33 | INFO     | extract_sensors | Processing 18/746 | Location ID = 594
2026-07-20 13:57:34 | INFO     | extract_sensors | Processing 19/746 | Location ID = 697
2026-07-20 13:57:34 | INFO     | extract_sensors | Processing 20/746 | Location ID = 703
2026-07-20 13:57:35 | INFO     | extract_sensors | Processing 21/746 | Location ID = 716
2026-07-20 13:57:35 | INFO     | extract_sensors | Processing 22/746 | Location ID = 797
2026-07-20 13:57:36 | INFO     | extract_sensors | Processing 23/746 | Location ID = 854
2026-07-20 13:57:38 | INFO     | extract_sensors | Processing 24/746 | Location ID = 860
2026-07-20 13:57:38 | INFO     | extract_sensors | Processing 25/746 | Location ID = 910
2026-07-20 13:57:39 | INFO     | extract_sensors | Processing 26/746 | Location ID = 985
2026-07-20 13:57:39 | INFO     | extract_sensors | Processing 27/746 | Location ID = 2345
2026-07-20 13:57:40 | INFO     | extract_sensors | Processing 28/746 | Location ID = 2456
2026-07-20 13:57:40 | INFO     | extract_sensors | Processing 29/746 | Location ID = 2459
2026-07-20 13:57:41 | INFO     | extract_sensors | Processing 30/746 | Location ID = 2460
2026-07-20 13:57:41 | INFO     | extract_sensors | Processing 31/746 | Location ID = 2461
2026-07-20 13:57:42 | INFO     | extract_sensors | Processing 32/746 | Location ID = 2463
2026-07-20 13:57:42 | INFO     | extract_sensors | Processing 33/746 | Location ID = 2503
2026-07-20 13:57:43 | INFO     | extract_sensors | Processing 34/746 | Location ID = 2549
2026-07-20 13:57:44 | INFO     | extract_sensors | Processing 35/746 | Location ID = 2583
2026-07-20 13:57:44 | INFO     | extract_sensors | Processing 36/746 | Location ID = 2585
2026-07-20 13:57:45 | INFO     | extract_sensors | Processing 37/746 | Location ID = 2586
2026-07-20 13:57:46 | INFO     | extract_sensors | Processing 38/746 | Location ID = 2587
2026-07-20 13:57:46 | INFO     | extract_sensors | Processing 39/746 | Location ID = 2589
2026-07-20 13:57:47 | INFO     | extract_sensors | Processing 40/746 | Location ID = 2591
2026-07-20 13:57:48 | INFO     | extract_sensors | Processing 41/746 | Location ID = 2592
2026-07-20 13:57:48 | INFO     | extract_sensors | Processing 42/746 | Location ID = 2593
2026-07-20 13:57:49 | INFO     | extract_sensors | Processing 43/746 | Location ID = 2594
2026-07-20 13:57:49 | INFO     | extract_sensors | Processing 44/746 | Location ID = 2595
2026-07-20 13:57:50 | INFO     | extract_sensors | Processing 45/746 | Location ID = 2596
2026-07-20 13:57:51 | INFO     | extract_sensors | Processing 46/746 | Location ID = 2597
2026-07-20 13:57:51 | INFO     | extract_sensors | Processing 47/746 | Location ID = 2598
2026-07-20 13:57:52 | INFO     | extract_sensors | Processing 48/746 | Location ID = 5404
2026-07-20 13:57:53 | INFO     | extract_sensors | Processing 49/746 | Location ID = 5408
2026-07-20 13:57:54 | INFO     | extract_sensors | Processing 50/746 | Location ID = 5443
2026-07-20 13:57:55 | INFO     | extract_sensors | Processing 51/746 | Location ID = 5505
2026-07-20 13:57:56 | INFO     | extract_sensors | Processing 52/746 | Location ID = 5509
2026-07-20 13:57:57 | INFO     | extract_sensors | Processing 53/746 | Location ID = 5540
2026-07-20 13:57:58 | INFO     | extract_sensors | Processing 54/746 | Location ID = 5541
2026-07-20 13:57:58 | INFO     | extract_sensors | Processing 55/746 | Location ID = 5542
2026-07-20 13:57:59 | INFO     | extract_sensors | Processing 56/746 | Location ID = 5544
2026-07-20 13:58:00 | INFO     | extract_sensors | Processing 57/746 | Location ID = 5546
2026-07-20 13:58:01 | INFO     | extract_sensors | Processing 58/746 | Location ID = 5547
2026-07-20 13:58:01 | INFO     | extract_sensors | Processing 59/746 | Location ID = 5548
2026-07-20 13:58:02 | INFO     | extract_sensors | Processing 60/746 | Location ID = 5551
2026-07-20 13:58:03 | INFO     | extract_sensors | Processing 61/746 | Location ID = 5552
2026-07-20 13:58:04 | WARNING  | extract_sensors | Rate limit hit (429). Sleeping 18s before retry (1/10)...
2026-07-20 13:58:22 | INFO     | extract_sensors | Processing 62/746 | Location ID = 5558
2026-07-20 13:58:23 | INFO     | extract_sensors | Processing 63/746 | Location ID = 5559
2026-07-20 13:58:24 | INFO     | extract_sensors | Processing 64/746 | Location ID = 5565
2026-07-20 13:58:25 | INFO     | extract_sensors | Processing 65/746 | Location ID = 5566
2026-07-20 13:58:26 | INFO     | extract_sensors | Processing 66/746 | Location ID = 5569
2026-07-20 13:58:26 | INFO     | extract_sensors | Processing 67/746 | Location ID = 5570
2026-07-20 13:58:27 | INFO     | extract_sensors | Processing 68/746 | Location ID = 5574
2026-07-20 13:58:27 | INFO     | extract_sensors | Processing 69/746 | Location ID = 5576
2026-07-20 13:58:28 | INFO     | extract_sensors | Processing 70/746 | Location ID = 5581
2026-07-20 13:58:29 | INFO     | extract_sensors | Processing 71/746 | Location ID = 5585
2026-07-20 13:58:30 | INFO     | extract_sensors | Processing 72/746 | Location ID = 5586
2026-07-20 13:58:30 | INFO     | extract_sensors | Processing 73/746 | Location ID = 5587
2026-07-20 13:58:31 | INFO     | extract_sensors | Processing 74/746 | Location ID = 5588
2026-07-20 13:58:31 | INFO     | extract_sensors | Processing 75/746 | Location ID = 5590
2026-07-20 13:58:32 | INFO     | extract_sensors | Processing 76/746 | Location ID = 5592
2026-07-20 13:58:33 | INFO     | extract_sensors | Processing 77/746 | Location ID = 5593
2026-07-20 13:58:35 | INFO     | extract_sensors | Processing 78/746 | Location ID = 5594
2026-07-20 13:58:36 | INFO     | extract_sensors | Processing 79/746 | Location ID = 5596
2026-07-20 13:58:36 | INFO     | extract_sensors | Processing 80/746 | Location ID = 5598
2026-07-20 13:58:36 | INFO     | extract_sensors | Processing 81/746 | Location ID = 5599
2026-07-20 13:58:37 | INFO     | extract_sensors | Processing 82/746 | Location ID = 5601
2026-07-20 13:58:38 | INFO     | extract_sensors | Processing 83/746 | Location ID = 5602
2026-07-20 13:58:39 | INFO     | extract_sensors | Processing 84/746 | Location ID = 5603
2026-07-20 13:58:39 | INFO     | extract_sensors | Processing 85/746 | Location ID = 5604
2026-07-20 13:58:40 | INFO     | extract_sensors | Processing 86/746 | Location ID = 5607
2026-07-20 13:58:41 | INFO     | extract_sensors | Processing 87/746 | Location ID = 5608
2026-07-20 13:58:42 | INFO     | extract_sensors | Processing 88/746 | Location ID = 5609
2026-07-20 13:58:43 | INFO     | extract_sensors | Processing 89/746 | Location ID = 5610
2026-07-20 13:58:43 | INFO     | extract_sensors | Processing 90/746 | Location ID = 5611
2026-07-20 13:58:43 | INFO     | extract_sensors | Processing 91/746 | Location ID = 5612
2026-07-20 13:58:44 | INFO     | extract_sensors | Processing 92/746 | Location ID = 5613
2026-07-20 13:58:45 | INFO     | extract_sensors | Processing 93/746 | Location ID = 5614
2026-07-20 13:58:46 | INFO     | extract_sensors | Processing 94/746 | Location ID = 5615
2026-07-20 13:58:47 | INFO     | extract_sensors | Processing 95/746 | Location ID = 5616
2026-07-20 13:58:48 | INFO     | extract_sensors | Processing 96/746 | Location ID = 5617
2026-07-20 13:58:48 | INFO     | extract_sensors | Processing 97/746 | Location ID = 5619
2026-07-20 13:58:49 | INFO     | extract_sensors | Processing 98/746 | Location ID = 5621
2026-07-20 13:58:50 | INFO     | extract_sensors | Processing 99/746 | Location ID = 5622
2026-07-20 13:58:51 | INFO     | extract_sensors | Processing 100/746 | Location ID = 5623
2026-07-20 13:58:52 | INFO     | extract_sensors | Processing 101/746 | Location ID = 5624
2026-07-20 13:58:52 | INFO     | extract_sensors | Processing 102/746 | Location ID = 5625
2026-07-20 13:58:53 | INFO     | extract_sensors | Processing 103/746 | Location ID = 5626
2026-07-20 13:58:54 | INFO     | extract_sensors | Processing 104/746 | Location ID = 5627
2026-07-20 13:58:55 | INFO     | extract_sensors | Processing 105/746 | Location ID = 5628
2026-07-20 13:58:56 | INFO     | extract_sensors | Processing 106/746 | Location ID = 5630
2026-07-20 13:58:57 | INFO     | extract_sensors | Processing 107/746 | Location ID = 5631
2026-07-20 13:58:57 | INFO     | extract_sensors | Processing 108/746 | Location ID = 5632
2026-07-20 13:58:58 | INFO     | extract_sensors | Processing 109/746 | Location ID = 5633
2026-07-20 13:58:58 | INFO     | extract_sensors | Processing 110/746 | Location ID = 5634
2026-07-20 13:58:58 | INFO     | extract_sensors | Processing 111/746 | Location ID = 5635
2026-07-20 13:58:59 | INFO     | extract_sensors | Processing 112/746 | Location ID = 5636
2026-07-20 13:59:00 | INFO     | extract_sensors | Processing 113/746 | Location ID = 5638
2026-07-20 13:59:01 | INFO     | extract_sensors | Processing 114/746 | Location ID = 5639
2026-07-20 13:59:01 | INFO     | extract_sensors | Processing 115/746 | Location ID = 5641
2026-07-20 13:59:02 | INFO     | extract_sensors | Processing 116/746 | Location ID = 5642
2026-07-20 13:59:03 | INFO     | extract_sensors | Processing 117/746 | Location ID = 5644
2026-07-20 13:59:04 | INFO     | extract_sensors | Processing 118/746 | Location ID = 5645
2026-07-20 13:59:04 | INFO     | extract_sensors | Processing 119/746 | Location ID = 5646
2026-07-20 13:59:05 | INFO     | extract_sensors | Processing 120/746 | Location ID = 5647
2026-07-20 13:59:06 | INFO     | extract_sensors | Processing 121/746 | Location ID = 5648
2026-07-20 13:59:07 | WARNING  | extract_sensors | Rate limit hit (429). Sleeping 15s before retry (1/10)...
2026-07-20 13:59:23 | INFO     | extract_sensors | Processing 122/746 | Location ID = 5649
2026-07-20 13:59:24 | INFO     | extract_sensors | Processing 123/746 | Location ID = 5650
2026-07-20 13:59:25 | INFO     | extract_sensors | Processing 124/746 | Location ID = 5652
2026-07-20 13:59:25 | INFO     | extract_sensors | Processing 125/746 | Location ID = 5655
2026-07-20 13:59:26 | INFO     | extract_sensors | Processing 126/746 | Location ID = 5657
2026-07-20 13:59:27 | INFO     | extract_sensors | Processing 127/746 | Location ID = 5659
2026-07-20 13:59:27 | INFO     | extract_sensors | Processing 128/746 | Location ID = 5661
2026-07-20 13:59:28 | INFO     | extract_sensors | Processing 129/746 | Location ID = 5662
2026-07-20 13:59:29 | INFO     | extract_sensors | Processing 130/746 | Location ID = 5664
2026-07-20 13:59:29 | INFO     | extract_sensors | Processing 131/746 | Location ID = 5665
2026-07-20 13:59:30 | INFO     | extract_sensors | Processing 132/746 | Location ID = 5667
2026-07-20 13:59:31 | INFO     | extract_sensors | Processing 133/746 | Location ID = 5742
2026-07-20 13:59:31 | INFO     | extract_sensors | Processing 134/746 | Location ID = 5743
2026-07-20 13:59:32 | INFO     | extract_sensors | Processing 135/746 | Location ID = 5744
2026-07-20 13:59:32 | INFO     | extract_sensors | Processing 136/746 | Location ID = 5745
2026-07-20 13:59:33 | INFO     | extract_sensors | Processing 137/746 | Location ID = 5753
2026-07-20 13:59:33 | INFO     | extract_sensors | Processing 138/746 | Location ID = 5754
2026-07-20 13:59:34 | INFO     | extract_sensors | Processing 139/746 | Location ID = 5755
2026-07-20 13:59:35 | INFO     | extract_sensors | Processing 140/746 | Location ID = 5759
2026-07-20 13:59:35 | INFO     | extract_sensors | Processing 141/746 | Location ID = 5760
2026-07-20 13:59:36 | INFO     | extract_sensors | Processing 142/746 | Location ID = 5761
2026-07-20 13:59:36 | INFO     | extract_sensors | Processing 143/746 | Location ID = 5762
2026-07-20 13:59:37 | INFO     | extract_sensors | Processing 144/746 | Location ID = 5763
2026-07-20 13:59:38 | INFO     | extract_sensors | Processing 145/746 | Location ID = 5765
2026-07-20 13:59:38 | INFO     | extract_sensors | Processing 146/746 | Location ID = 5766
2026-07-20 13:59:39 | INFO     | extract_sensors | Processing 147/746 | Location ID = 6310
2026-07-20 13:59:39 | INFO     | extract_sensors | Processing 148/746 | Location ID = 6314
2026-07-20 13:59:40 | INFO     | extract_sensors | Processing 149/746 | Location ID = 6356
2026-07-20 13:59:40 | INFO     | extract_sensors | Processing 150/746 | Location ID = 6357
2026-07-20 13:59:41 | INFO     | extract_sensors | Processing 151/746 | Location ID = 6358
2026-07-20 13:59:42 | INFO     | extract_sensors | Processing 152/746 | Location ID = 6359
2026-07-20 13:59:43 | INFO     | extract_sensors | Processing 153/746 | Location ID = 6442
2026-07-20 13:59:44 | INFO     | extract_sensors | Processing 154/746 | Location ID = 6443
2026-07-20 13:59:45 | INFO     | extract_sensors | Processing 155/746 | Location ID = 6920
2026-07-20 13:59:45 | INFO     | extract_sensors | Processing 156/746 | Location ID = 6923
2026-07-20 13:59:46 | INFO     | extract_sensors | Processing 157/746 | Location ID = 6924
2026-07-20 13:59:47 | INFO     | extract_sensors | Processing 158/746 | Location ID = 6927
2026-07-20 13:59:47 | INFO     | extract_sensors | Processing 159/746 | Location ID = 6928
2026-07-20 13:59:48 | INFO     | extract_sensors | Processing 160/746 | Location ID = 6929
2026-07-20 13:59:48 | INFO     | extract_sensors | Processing 161/746 | Location ID = 6930
2026-07-20 13:59:49 | INFO     | extract_sensors | Processing 162/746 | Location ID = 6931
2026-07-20 13:59:49 | INFO     | extract_sensors | Processing 163/746 | Location ID = 6932
2026-07-20 13:59:50 | INFO     | extract_sensors | Processing 164/746 | Location ID = 6933
2026-07-20 13:59:51 | INFO     | extract_sensors | Processing 165/746 | Location ID = 6934
2026-07-20 13:59:52 | INFO     | extract_sensors | Processing 166/746 | Location ID = 6935
2026-07-20 13:59:52 | INFO     | extract_sensors | Processing 167/746 | Location ID = 6936
2026-07-20 13:59:53 | INFO     | extract_sensors | Processing 168/746 | Location ID = 6937
2026-07-20 13:59:53 | INFO     | extract_sensors | Processing 169/746 | Location ID = 6938
2026-07-20 13:59:54 | INFO     | extract_sensors | Processing 170/746 | Location ID = 6939
2026-07-20 13:59:54 | INFO     | extract_sensors | Processing 171/746 | Location ID = 6940
2026-07-20 13:59:55 | INFO     | extract_sensors | Processing 172/746 | Location ID = 6941
2026-07-20 13:59:56 | INFO     | extract_sensors | Processing 173/746 | Location ID = 6942
2026-07-20 13:59:57 | INFO     | extract_sensors | Processing 174/746 | Location ID = 6943
2026-07-20 13:59:58 | INFO     | extract_sensors | Processing 175/746 | Location ID = 6944
2026-07-20 13:59:59 | INFO     | extract_sensors | Processing 176/746 | Location ID = 6945
2026-07-20 13:59:59 | INFO     | extract_sensors | Processing 177/746 | Location ID = 6946
2026-07-20 13:59:59 | INFO     | extract_sensors | Processing 178/746 | Location ID = 6947
2026-07-20 14:00:00 | INFO     | extract_sensors | Processing 179/746 | Location ID = 6948
2026-07-20 14:00:01 | INFO     | extract_sensors | Processing 180/746 | Location ID = 6949
2026-07-20 14:00:02 | INFO     | extract_sensors | Processing 181/746 | Location ID = 6950
2026-07-20 14:00:02 | WARNING  | extract_sensors | Rate limit hit (429). Sleeping 21s before retry (1/10)...
2026-07-20 14:00:24 | INFO     | extract_sensors | Processing 182/746 | Location ID = 6951
2026-07-20 14:00:24 | INFO     | extract_sensors | Processing 183/746 | Location ID = 6952
2026-07-20 14:00:25 | INFO     | extract_sensors | Processing 184/746 | Location ID = 6953
2026-07-20 14:00:26 | INFO     | extract_sensors | Processing 185/746 | Location ID = 6954
2026-07-20 14:00:27 | INFO     | extract_sensors | Processing 186/746 | Location ID = 6955
2026-07-20 14:00:27 | INFO     | extract_sensors | Processing 187/746 | Location ID = 6956
2026-07-20 14:00:29 | INFO     | extract_sensors | Processing 188/746 | Location ID = 6957
2026-07-20 14:00:29 | INFO     | extract_sensors | Processing 189/746 | Location ID = 6958
2026-07-20 14:00:30 | INFO     | extract_sensors | Processing 190/746 | Location ID = 6959
2026-07-20 14:00:30 | INFO     | extract_sensors | Processing 191/746 | Location ID = 6960
2026-07-20 14:00:31 | INFO     | extract_sensors | Processing 192/746 | Location ID = 6961
2026-07-20 14:00:32 | INFO     | extract_sensors | Processing 193/746 | Location ID = 6962
2026-07-20 14:00:32 | INFO     | extract_sensors | Processing 194/746 | Location ID = 6963
2026-07-20 14:00:33 | INFO     | extract_sensors | Processing 195/746 | Location ID = 6964
2026-07-20 14:00:33 | INFO     | extract_sensors | Processing 196/746 | Location ID = 6965
2026-07-20 14:00:34 | INFO     | extract_sensors | Processing 197/746 | Location ID = 6966
2026-07-20 14:00:34 | INFO     | extract_sensors | Processing 198/746 | Location ID = 6967
2026-07-20 14:00:35 | INFO     | extract_sensors | Processing 199/746 | Location ID = 6968
2026-07-20 14:00:36 | INFO     | extract_sensors | Processing 200/746 | Location ID = 6969
2026-07-20 14:00:36 | INFO     | extract_sensors | Processing 201/746 | Location ID = 6970
2026-07-20 14:00:37 | INFO     | extract_sensors | Processing 202/746 | Location ID = 6971
2026-07-20 14:00:37 | INFO     | extract_sensors | Processing 203/746 | Location ID = 6972
2026-07-20 14:00:38 | INFO     | extract_sensors | Processing 204/746 | Location ID = 6973
2026-07-20 14:00:39 | INFO     | extract_sensors | Processing 205/746 | Location ID = 6974
2026-07-20 14:00:40 | INFO     | extract_sensors | Processing 206/746 | Location ID = 6975
2026-07-20 14:00:40 | INFO     | extract_sensors | Processing 207/746 | Location ID = 6976
2026-07-20 14:00:41 | INFO     | extract_sensors | Processing 208/746 | Location ID = 6978
2026-07-20 14:00:42 | INFO     | extract_sensors | Processing 209/746 | Location ID = 6979
2026-07-20 14:00:42 | INFO     | extract_sensors | Processing 210/746 | Location ID = 6980
2026-07-20 14:00:42 | INFO     | extract_sensors | Processing 211/746 | Location ID = 6981
2026-07-20 14:00:43 | INFO     | extract_sensors | Processing 212/746 | Location ID = 6982
2026-07-20 14:00:44 | INFO     | extract_sensors | Processing 213/746 | Location ID = 6983
2026-07-20 14:00:45 | INFO     | extract_sensors | Processing 214/746 | Location ID = 6984
2026-07-20 14:00:45 | INFO     | extract_sensors | Processing 215/746 | Location ID = 6985
2026-07-20 14:00:46 | INFO     | extract_sensors | Processing 216/746 | Location ID = 6986
2026-07-20 14:00:47 | INFO     | extract_sensors | Processing 217/746 | Location ID = 6987
2026-07-20 14:00:47 | INFO     | extract_sensors | Processing 218/746 | Location ID = 6988
2026-07-20 14:00:48 | INFO     | extract_sensors | Processing 219/746 | Location ID = 7005
2026-07-20 14:00:49 | INFO     | extract_sensors | Processing 220/746 | Location ID = 7044
2026-07-20 14:00:50 | INFO     | extract_sensors | Processing 221/746 | Location ID = 7140
2026-07-20 14:00:51 | INFO     | extract_sensors | Processing 222/746 | Location ID = 7280
2026-07-20 14:00:51 | INFO     | extract_sensors | Processing 223/746 | Location ID = 7281
2026-07-20 14:00:52 | INFO     | extract_sensors | Processing 224/746 | Location ID = 7282
2026-07-20 14:00:53 | INFO     | extract_sensors | Processing 225/746 | Location ID = 7283
2026-07-20 14:00:54 | INFO     | extract_sensors | Processing 226/746 | Location ID = 7289
2026-07-20 14:00:55 | INFO     | extract_sensors | Processing 227/746 | Location ID = 7292
2026-07-20 14:00:56 | INFO     | extract_sensors | Processing 228/746 | Location ID = 7299
2026-07-20 14:00:56 | INFO     | extract_sensors | Processing 229/746 | Location ID = 7434
2026-07-20 14:00:56 | INFO     | extract_sensors | Processing 230/746 | Location ID = 7494
2026-07-20 14:00:57 | INFO     | extract_sensors | Processing 231/746 | Location ID = 7495
2026-07-20 14:00:58 | INFO     | extract_sensors | Processing 232/746 | Location ID = 7583
2026-07-20 14:00:59 | INFO     | extract_sensors | Processing 233/746 | Location ID = 7720
2026-07-20 14:00:59 | INFO     | extract_sensors | Processing 234/746 | Location ID = 7752
2026-07-20 14:00:59 | INFO     | extract_sensors | Processing 235/746 | Location ID = 7777
2026-07-20 14:01:00 | INFO     | extract_sensors | Processing 236/746 | Location ID = 7833
2026-07-20 14:01:01 | INFO     | extract_sensors | Processing 237/746 | Location ID = 7850
2026-07-20 14:01:02 | INFO     | extract_sensors | Processing 238/746 | Location ID = 7880
2026-07-20 14:01:03 | INFO     | extract_sensors | Processing 239/746 | Location ID = 7901
2026-07-20 14:01:03 | INFO     | extract_sensors | Processing 240/746 | Location ID = 7979
2026-07-20 14:01:03 | INFO     | extract_sensors | Processing 241/746 | Location ID = 8035
2026-07-20 14:01:04 | WARNING  | extract_sensors | Rate limit hit (429). Sleeping 20s before retry (1/10)...
2026-07-20 14:01:24 | INFO     | extract_sensors | Processing 242/746 | Location ID = 8039
2026-07-20 14:01:25 | INFO     | extract_sensors | Processing 243/746 | Location ID = 8092
2026-07-20 14:01:26 | INFO     | extract_sensors | Processing 244/746 | Location ID = 8118
2026-07-20 14:01:27 | INFO     | extract_sensors | Processing 245/746 | Location ID = 8153
2026-07-20 14:01:27 | INFO     | extract_sensors | Processing 246/746 | Location ID = 8171
2026-07-20 14:01:28 | INFO     | extract_sensors | Processing 247/746 | Location ID = 8172
2026-07-20 14:01:28 | INFO     | extract_sensors | Processing 248/746 | Location ID = 8190
2026-07-20 14:01:29 | INFO     | extract_sensors | Processing 249/746 | Location ID = 8235
2026-07-20 14:01:29 | INFO     | extract_sensors | Processing 250/746 | Location ID = 8239
2026-07-20 14:01:31 | INFO     | extract_sensors | Processing 251/746 | Location ID = 8245
2026-07-20 14:01:31 | INFO     | extract_sensors | Processing 252/746 | Location ID = 8319
2026-07-20 14:01:32 | INFO     | extract_sensors | Processing 253/746 | Location ID = 8365
2026-07-20 14:01:33 | INFO     | extract_sensors | Processing 254/746 | Location ID = 8472
2026-07-20 14:01:33 | INFO     | extract_sensors | Processing 255/746 | Location ID = 8475
2026-07-20 14:01:34 | INFO     | extract_sensors | Processing 256/746 | Location ID = 8557
2026-07-20 14:01:35 | INFO     | extract_sensors | Processing 257/746 | Location ID = 8558
2026-07-20 14:01:35 | INFO     | extract_sensors | Processing 258/746 | Location ID = 8914
2026-07-20 14:01:36 | INFO     | extract_sensors | Processing 259/746 | Location ID = 8915
2026-07-20 14:01:36 | INFO     | extract_sensors | Processing 260/746 | Location ID = 8916
2026-07-20 14:01:37 | INFO     | extract_sensors | Processing 261/746 | Location ID = 8917
2026-07-20 14:01:38 | INFO     | extract_sensors | Processing 262/746 | Location ID = 10484
2026-07-20 14:01:38 | INFO     | extract_sensors | Processing 263/746 | Location ID = 10485
2026-07-20 14:01:39 | INFO     | extract_sensors | Processing 264/746 | Location ID = 10486
2026-07-20 14:01:39 | INFO     | extract_sensors | Processing 265/746 | Location ID = 10487
2026-07-20 14:01:40 | INFO     | extract_sensors | Processing 266/746 | Location ID = 10488
2026-07-20 14:01:41 | INFO     | extract_sensors | Processing 267/746 | Location ID = 10489
2026-07-20 14:01:42 | INFO     | extract_sensors | Processing 268/746 | Location ID = 10537
2026-07-20 14:01:42 | INFO     | extract_sensors | Processing 269/746 | Location ID = 10545
2026-07-20 14:01:43 | INFO     | extract_sensors | Processing 270/746 | Location ID = 10599
2026-07-20 14:01:44 | INFO     | extract_sensors | Processing 271/746 | Location ID = 10609
2026-07-20 14:01:44 | INFO     | extract_sensors | Processing 272/746 | Location ID = 10630
2026-07-20 14:01:45 | INFO     | extract_sensors | Processing 273/746 | Location ID = 10633
2026-07-20 14:01:45 | INFO     | extract_sensors | Processing 274/746 | Location ID = 10645
2026-07-20 14:01:46 | INFO     | extract_sensors | Processing 275/746 | Location ID = 10670
2026-07-20 14:01:47 | INFO     | extract_sensors | Processing 276/746 | Location ID = 10695
2026-07-20 14:01:47 | INFO     | extract_sensors | Processing 277/746 | Location ID = 10697
2026-07-20 14:01:48 | INFO     | extract_sensors | Processing 278/746 | Location ID = 10725
2026-07-20 14:01:49 | INFO     | extract_sensors | Processing 279/746 | Location ID = 10747
2026-07-20 14:01:49 | INFO     | extract_sensors | Processing 280/746 | Location ID = 10780
2026-07-20 14:01:50 | INFO     | extract_sensors | Processing 281/746 | Location ID = 10820
2026-07-20 14:01:50 | INFO     | extract_sensors | Processing 282/746 | Location ID = 10823
2026-07-20 14:01:50 | INFO     | extract_sensors | Processing 283/746 | Location ID = 10825
2026-07-20 14:01:51 | INFO     | extract_sensors | Processing 284/746 | Location ID = 10831
2026-07-20 14:01:51 | INFO     | extract_sensors | Processing 285/746 | Location ID = 10844
2026-07-20 14:01:52 | INFO     | extract_sensors | Processing 286/746 | Location ID = 10851
2026-07-20 14:01:52 | INFO     | extract_sensors | Processing 287/746 | Location ID = 10895
2026-07-20 14:01:53 | INFO     | extract_sensors | Processing 288/746 | Location ID = 10896
2026-07-20 14:01:53 | INFO     | extract_sensors | Processing 289/746 | Location ID = 10897
2026-07-20 14:01:54 | INFO     | extract_sensors | Processing 290/746 | Location ID = 10898
2026-07-20 14:01:54 | INFO     | extract_sensors | Processing 291/746 | Location ID = 10900
2026-07-20 14:01:55 | INFO     | extract_sensors | Processing 292/746 | Location ID = 10901
2026-07-20 14:01:56 | INFO     | extract_sensors | Processing 293/746 | Location ID = 10902
2026-07-20 14:01:56 | INFO     | extract_sensors | Processing 294/746 | Location ID = 10903
2026-07-20 14:01:57 | INFO     | extract_sensors | Processing 295/746 | Location ID = 10904
2026-07-20 14:01:58 | INFO     | extract_sensors | Processing 296/746 | Location ID = 10905
2026-07-20 14:01:59 | INFO     | extract_sensors | Processing 297/746 | Location ID = 10906
2026-07-20 14:02:00 | INFO     | extract_sensors | Processing 298/746 | Location ID = 10907
2026-07-20 14:02:01 | INFO     | extract_sensors | Processing 299/746 | Location ID = 10908
2026-07-20 14:02:02 | INFO     | extract_sensors | Processing 300/746 | Location ID = 10909
2026-07-20 14:02:02 | INFO     | extract_sensors | Processing 301/746 | Location ID = 10910
2026-07-20 14:02:03 | WARNING  | extract_sensors | Rate limit hit (429). Sleeping 21s before retry (1/10)...
2026-07-20 14:02:25 | INFO     | extract_sensors | Processing 302/746 | Location ID = 10911
2026-07-20 14:02:25 | INFO     | extract_sensors | Processing 303/746 | Location ID = 10912
2026-07-20 14:02:26 | INFO     | extract_sensors | Processing 304/746 | Location ID = 10913
2026-07-20 14:02:27 | INFO     | extract_sensors | Processing 305/746 | Location ID = 10914
2026-07-20 14:02:28 | INFO     | extract_sensors | Processing 306/746 | Location ID = 10915
2026-07-20 14:02:28 | INFO     | extract_sensors | Processing 307/746 | Location ID = 10916
2026-07-20 14:02:29 | INFO     | extract_sensors | Processing 308/746 | Location ID = 10917
2026-07-20 14:02:29 | INFO     | extract_sensors | Processing 309/746 | Location ID = 10918
2026-07-20 14:02:30 | INFO     | extract_sensors | Processing 310/746 | Location ID = 10919
2026-07-20 14:02:31 | INFO     | extract_sensors | Processing 311/746 | Location ID = 10920
2026-07-20 14:02:31 | INFO     | extract_sensors | Processing 312/746 | Location ID = 10921
2026-07-20 14:02:32 | INFO     | extract_sensors | Processing 313/746 | Location ID = 11577
2026-07-20 14:02:33 | INFO     | extract_sensors | Processing 314/746 | Location ID = 11578
2026-07-20 14:02:33 | INFO     | extract_sensors | Processing 315/746 | Location ID = 11579
2026-07-20 14:02:33 | INFO     | extract_sensors | Processing 316/746 | Location ID = 11580
2026-07-20 14:02:34 | INFO     | extract_sensors | Processing 317/746 | Location ID = 11581
2026-07-20 14:02:35 | INFO     | extract_sensors | Processing 318/746 | Location ID = 11582
2026-07-20 14:02:36 | INFO     | extract_sensors | Processing 319/746 | Location ID = 11583
2026-07-20 14:02:36 | INFO     | extract_sensors | Processing 320/746 | Location ID = 11602
2026-07-20 14:02:37 | INFO     | extract_sensors | Processing 321/746 | Location ID = 11603
2026-07-20 14:02:37 | INFO     | extract_sensors | Processing 322/746 | Location ID = 11604
2026-07-20 14:02:38 | INFO     | extract_sensors | Processing 323/746 | Location ID = 11606
2026-07-20 14:02:38 | INFO     | extract_sensors | Processing 324/746 | Location ID = 11607
2026-07-20 14:02:38 | INFO     | extract_sensors | Processing 325/746 | Location ID = 11608
2026-07-20 14:02:39 | INFO     | extract_sensors | Processing 326/746 | Location ID = 11609
2026-07-20 14:02:40 | INFO     | extract_sensors | Processing 327/746 | Location ID = 11610
2026-07-20 14:02:40 | INFO     | extract_sensors | Processing 328/746 | Location ID = 11611
2026-07-20 14:02:41 | INFO     | extract_sensors | Processing 329/746 | Location ID = 11612
2026-07-20 14:02:42 | INFO     | extract_sensors | Processing 330/746 | Location ID = 11613
2026-07-20 14:02:43 | INFO     | extract_sensors | Processing 331/746 | Location ID = 12024
2026-07-20 14:02:44 | INFO     | extract_sensors | Processing 332/746 | Location ID = 12039
2026-07-20 14:02:44 | INFO     | extract_sensors | Processing 333/746 | Location ID = 12040
2026-07-20 14:02:45 | INFO     | extract_sensors | Processing 334/746 | Location ID = 12041
2026-07-20 14:02:46 | INFO     | extract_sensors | Processing 335/746 | Location ID = 12042
2026-07-20 14:02:47 | INFO     | extract_sensors | Processing 336/746 | Location ID = 12043
2026-07-20 14:02:48 | INFO     | extract_sensors | Processing 337/746 | Location ID = 12044
2026-07-20 14:02:48 | INFO     | extract_sensors | Processing 338/746 | Location ID = 12045
2026-07-20 14:02:48 | INFO     | extract_sensors | Processing 339/746 | Location ID = 12046
2026-07-20 14:02:49 | INFO     | extract_sensors | Processing 340/746 | Location ID = 42240
2026-07-20 14:02:50 | INFO     | extract_sensors | Processing 341/746 | Location ID = 44513
2026-07-20 14:02:51 | INFO     | extract_sensors | Processing 342/746 | Location ID = 44514
2026-07-20 14:02:51 | INFO     | extract_sensors | Processing 343/746 | Location ID = 44515
2026-07-20 14:02:52 | INFO     | extract_sensors | Processing 344/746 | Location ID = 45008
2026-07-20 14:02:53 | INFO     | extract_sensors | Processing 345/746 | Location ID = 60656
2026-07-20 14:02:53 | INFO     | extract_sensors | Processing 346/746 | Location ID = 60657
2026-07-20 14:02:54 | INFO     | extract_sensors | Processing 347/746 | Location ID = 60658
2026-07-20 14:02:54 | INFO     | extract_sensors | Processing 348/746 | Location ID = 60659
2026-07-20 14:02:55 | INFO     | extract_sensors | Processing 349/746 | Location ID = 60660
2026-07-20 14:02:56 | INFO     | extract_sensors | Processing 350/746 | Location ID = 60661
2026-07-20 14:02:57 | INFO     | extract_sensors | Processing 351/746 | Location ID = 220265
2026-07-20 14:02:57 | INFO     | extract_sensors | Processing 352/746 | Location ID = 220353
2026-07-20 14:02:58 | INFO     | extract_sensors | Processing 353/746 | Location ID = 223145
2026-07-20 14:02:59 | INFO     | extract_sensors | Processing 354/746 | Location ID = 223146
2026-07-20 14:03:00 | INFO     | extract_sensors | Processing 355/746 | Location ID = 227384
2026-07-20 14:03:01 | INFO     | extract_sensors | Processing 356/746 | Location ID = 227386
2026-07-20 14:03:01 | INFO     | extract_sensors | Processing 357/746 | Location ID = 227387
2026-07-20 14:03:02 | INFO     | extract_sensors | Processing 358/746 | Location ID = 227533
2026-07-20 14:03:02 | INFO     | extract_sensors | Processing 359/746 | Location ID = 227534
2026-07-20 14:03:03 | INFO     | extract_sensors | Processing 360/746 | Location ID = 227535
2026-07-20 14:03:04 | INFO     | extract_sensors | Processing 361/746 | Location ID = 227536
2026-07-20 14:03:04 | WARNING  | extract_sensors | Rate limit hit (429). Sleeping 20s before retry (1/10)...
2026-07-20 14:03:25 | INFO     | extract_sensors | Processing 362/746 | Location ID = 227931
2026-07-20 14:03:26 | INFO     | extract_sensors | Processing 363/746 | Location ID = 228297
2026-07-20 14:03:27 | INFO     | extract_sensors | Processing 364/746 | Location ID = 228298
2026-07-20 14:03:28 | INFO     | extract_sensors | Processing 365/746 | Location ID = 228299
2026-07-20 14:03:29 | INFO     | extract_sensors | Processing 366/746 | Location ID = 228300
2026-07-20 14:03:30 | INFO     | extract_sensors | Processing 367/746 | Location ID = 228301
2026-07-20 14:03:31 | INFO     | extract_sensors | Processing 368/746 | Location ID = 228303
2026-07-20 14:03:31 | INFO     | extract_sensors | Processing 369/746 | Location ID = 228352
2026-07-20 14:03:31 | INFO     | extract_sensors | Processing 370/746 | Location ID = 228397
2026-07-20 14:03:32 | INFO     | extract_sensors | Processing 371/746 | Location ID = 228403
2026-07-20 14:03:32 | INFO     | extract_sensors | Processing 372/746 | Location ID = 228840
2026-07-20 14:03:33 | INFO     | extract_sensors | Processing 373/746 | Location ID = 229195
2026-07-20 14:03:33 | INFO     | extract_sensors | Processing 374/746 | Location ID = 229252
2026-07-20 14:03:33 | INFO     | extract_sensors | Processing 375/746 | Location ID = 229404
2026-07-20 14:03:34 | INFO     | extract_sensors | Processing 376/746 | Location ID = 229473
2026-07-20 14:03:35 | INFO     | extract_sensors | Processing 377/746 | Location ID = 229728
2026-07-20 14:03:36 | INFO     | extract_sensors | Processing 378/746 | Location ID = 229729
2026-07-20 14:03:36 | INFO     | extract_sensors | Processing 379/746 | Location ID = 229730
2026-07-20 14:03:37 | INFO     | extract_sensors | Processing 380/746 | Location ID = 229731
2026-07-20 14:03:37 | INFO     | extract_sensors | Processing 381/746 | Location ID = 229985
2026-07-20 14:03:38 | INFO     | extract_sensors | Processing 382/746 | Location ID = 229987
2026-07-20 14:03:39 | INFO     | extract_sensors | Processing 383/746 | Location ID = 233414
2026-07-20 14:03:39 | INFO     | extract_sensors | Processing 384/746 | Location ID = 233415
2026-07-20 14:03:40 | INFO     | extract_sensors | Processing 385/746 | Location ID = 233416
2026-07-20 14:03:41 | INFO     | extract_sensors | Processing 386/746 | Location ID = 234568
2026-07-20 14:03:42 | INFO     | extract_sensors | Processing 387/746 | Location ID = 234997
2026-07-20 15:00:07 | INFO     | extract_sensors | Processing 388/746 | Location ID = 236406
2026-07-20 15:00:32 | INFO     | extract_sensors | Processing 389/746 | Location ID = 270697
2026-07-20 15:00:32 | INFO     | extract_sensors | Processing 390/746 | Location ID = 270703
2026-07-20 15:00:32 | INFO     | extract_sensors | Processing 391/746 | Location ID = 270704
2026-07-20 15:00:33 | INFO     | extract_sensors | Processing 392/746 | Location ID = 270708
2026-07-20 15:00:34 | INFO     | extract_sensors | Processing 393/746 | Location ID = 270720
2026-07-20 15:00:34 | INFO     | extract_sensors | Processing 394/746 | Location ID = 270721
2026-07-20 15:00:35 | INFO     | extract_sensors | Processing 395/746 | Location ID = 270722
2026-07-20 15:00:36 | INFO     | extract_sensors | Processing 396/746 | Location ID = 270723
2026-07-20 15:00:36 | INFO     | extract_sensors | Processing 397/746 | Location ID = 270724
2026-07-20 15:00:37 | INFO     | extract_sensors | Processing 398/746 | Location ID = 270725
2026-07-20 15:00:37 | INFO     | extract_sensors | Processing 399/746 | Location ID = 270726
2026-07-20 15:00:38 | INFO     | extract_sensors | Processing 400/746 | Location ID = 270727
2026-07-20 15:00:38 | INFO     | extract_sensors | Processing 401/746 | Location ID = 270728
2026-07-20 15:00:38 | INFO     | extract_sensors | Processing 402/746 | Location ID = 270729
2026-07-20 15:00:39 | INFO     | extract_sensors | Processing 403/746 | Location ID = 270730
2026-07-20 15:00:39 | INFO     | extract_sensors | Processing 404/746 | Location ID = 270737
2026-07-20 15:00:39 | INFO     | extract_sensors | Processing 405/746 | Location ID = 270771
2026-07-20 15:00:40 | INFO     | extract_sensors | Processing 406/746 | Location ID = 270774
2026-07-20 15:00:41 | INFO     | extract_sensors | Processing 407/746 | Location ID = 270775
2026-07-20 15:00:42 | INFO     | extract_sensors | Processing 408/746 | Location ID = 270777
2026-07-20 15:00:43 | INFO     | extract_sensors | Processing 409/746 | Location ID = 270877
2026-07-20 15:00:44 | INFO     | extract_sensors | Processing 410/746 | Location ID = 278159
2026-07-20 15:00:44 | INFO     | extract_sensors | Processing 411/746 | Location ID = 278418
2026-07-20 15:00:45 | INFO     | extract_sensors | Processing 412/746 | Location ID = 278671
2026-07-20 15:00:46 | INFO     | extract_sensors | Processing 413/746 | Location ID = 301387
2026-07-20 15:00:46 | INFO     | extract_sensors | Processing 414/746 | Location ID = 301388
2026-07-20 15:00:47 | INFO     | extract_sensors | Processing 415/746 | Location ID = 301389
2026-07-20 15:00:48 | INFO     | extract_sensors | Processing 416/746 | Location ID = 301390
2026-07-20 15:00:49 | INFO     | extract_sensors | Processing 417/746 | Location ID = 301391
2026-07-20 15:00:50 | INFO     | extract_sensors | Processing 418/746 | Location ID = 301670
2026-07-20 15:00:51 | INFO     | extract_sensors | Processing 419/746 | Location ID = 304956
2026-07-20 15:00:51 | INFO     | extract_sensors | Processing 420/746 | Location ID = 306252
2026-07-20 15:00:52 | INFO     | extract_sensors | Processing 421/746 | Location ID = 307463
2026-07-20 15:00:52 | INFO     | extract_sensors | Processing 422/746 | Location ID = 309803
2026-07-20 15:00:53 | INFO     | extract_sensors | Processing 423/746 | Location ID = 313410
2026-07-20 15:00:53 | INFO     | extract_sensors | Processing 424/746 | Location ID = 313411
2026-07-20 15:00:54 | INFO     | extract_sensors | Processing 425/746 | Location ID = 313923
2026-07-20 15:00:55 | INFO     | extract_sensors | Processing 426/746 | Location ID = 317035
2026-07-20 15:00:56 | INFO     | extract_sensors | Processing 427/746 | Location ID = 330021
2026-07-20 15:00:57 | INFO     | extract_sensors | Processing 428/746 | Location ID = 344103
2026-07-20 15:00:57 | INFO     | extract_sensors | Processing 429/746 | Location ID = 344104
2026-07-20 15:00:58 | INFO     | extract_sensors | Processing 430/746 | Location ID = 344140
2026-07-20 15:00:59 | INFO     | extract_sensors | Processing 431/746 | Location ID = 344142
2026-07-20 15:00:59 | INFO     | extract_sensors | Processing 432/746 | Location ID = 344144
2026-07-20 15:01:00 | INFO     | extract_sensors | Processing 433/746 | Location ID = 346257
2026-07-20 15:01:01 | INFO     | extract_sensors | Processing 434/746 | Location ID = 346258
2026-07-20 15:01:02 | INFO     | extract_sensors | Processing 435/746 | Location ID = 346438
2026-07-20 15:01:03 | INFO     | extract_sensors | Processing 436/746 | Location ID = 346439
2026-07-20 15:01:03 | INFO     | extract_sensors | Processing 437/746 | Location ID = 352465
2026-07-20 15:01:04 | INFO     | extract_sensors | Processing 438/746 | Location ID = 352777
2026-07-20 15:01:04 | INFO     | extract_sensors | Processing 439/746 | Location ID = 353715
2026-07-20 15:01:05 | INFO     | extract_sensors | Processing 440/746 | Location ID = 358448
2026-07-20 15:01:06 | INFO     | extract_sensors | Processing 441/746 | Location ID = 358450
2026-07-20 15:01:07 | INFO     | extract_sensors | Processing 442/746 | Location ID = 358451
2026-07-20 15:01:07 | INFO     | extract_sensors | Processing 443/746 | Location ID = 358452
2026-07-20 15:01:08 | INFO     | extract_sensors | Processing 444/746 | Location ID = 358453
2026-07-20 15:01:09 | INFO     | extract_sensors | Processing 445/746 | Location ID = 358454
2026-07-20 15:01:10 | INFO     | extract_sensors | Processing 446/746 | Location ID = 358455
2026-07-20 15:01:11 | INFO     | extract_sensors | Processing 447/746 | Location ID = 358456
2026-07-20 15:01:12 | INFO     | extract_sensors | Processing 448/746 | Location ID = 358457
2026-07-20 15:01:12 | WARNING  | extract_sensors | Rate limit hit (429). Sleeping 19s before retry (1/10)...
2026-07-20 15:01:32 | INFO     | extract_sensors | Processing 449/746 | Location ID = 358467
2026-07-20 15:01:32 | INFO     | extract_sensors | Processing 450/746 | Location ID = 358627
2026-07-20 15:01:33 | INFO     | extract_sensors | Processing 451/746 | Location ID = 358665
2026-07-20 15:01:34 | INFO     | extract_sensors | Processing 452/746 | Location ID = 361378
2026-07-20 15:01:35 | INFO     | extract_sensors | Processing 453/746 | Location ID = 361411
2026-07-20 15:01:36 | INFO     | extract_sensors | Processing 454/746 | Location ID = 363601
2026-07-20 15:01:36 | INFO     | extract_sensors | Processing 455/746 | Location ID = 1236037
2026-07-20 15:01:37 | INFO     | extract_sensors | Processing 456/746 | Location ID = 1285345
2026-07-20 15:01:37 | INFO     | extract_sensors | Processing 457/746 | Location ID = 2498781
2026-07-20 15:01:38 | INFO     | extract_sensors | Processing 458/746 | Location ID = 2860223
2026-07-20 15:01:38 | INFO     | extract_sensors | Processing 459/746 | Location ID = 3024966
2026-07-20 15:01:39 | INFO     | extract_sensors | Processing 460/746 | Location ID = 3174188
2026-07-20 15:01:39 | INFO     | extract_sensors | Processing 461/746 | Location ID = 3174189
2026-07-20 15:01:40 | INFO     | extract_sensors | Processing 462/746 | Location ID = 3174190
2026-07-20 15:01:41 | INFO     | extract_sensors | Processing 463/746 | Location ID = 3409309
2026-07-20 15:01:41 | INFO     | extract_sensors | Processing 464/746 | Location ID = 3409312
2026-07-20 15:01:42 | INFO     | extract_sensors | Processing 465/746 | Location ID = 3409317
2026-07-20 15:01:43 | INFO     | extract_sensors | Processing 466/746 | Location ID = 3409318
2026-07-20 15:01:43 | INFO     | extract_sensors | Processing 467/746 | Location ID = 3409319
2026-07-20 15:01:44 | INFO     | extract_sensors | Processing 468/746 | Location ID = 3409320
2026-07-20 15:01:44 | INFO     | extract_sensors | Processing 469/746 | Location ID = 3409321
2026-07-20 15:01:45 | INFO     | extract_sensors | Processing 470/746 | Location ID = 3409322
2026-07-20 15:01:45 | INFO     | extract_sensors | Processing 471/746 | Location ID = 3409323
2026-07-20 15:01:46 | INFO     | extract_sensors | Processing 472/746 | Location ID = 3409327
2026-07-20 15:13:14 | INFO     | extract_sensors | === Starting extract_sensors.py ===
2026-07-20 15:13:14 | INFO     | extract_sensors | Loaded 746 unique location IDs
2026-07-20 15:13:14 | INFO     | extract_sensors | Processing 1/746 | Location ID = 12
2026-07-20 15:13:16 | INFO     | extract_sensors | Processing 2/746 | Location ID = 13
2026-07-20 15:13:16 | INFO     | extract_sensors | Processing 3/746 | Location ID = 15
2026-07-20 15:13:17 | INFO     | extract_sensors | Processing 4/746 | Location ID = 16
2026-07-20 15:13:18 | INFO     | extract_sensors | Processing 5/746 | Location ID = 17
2026-07-20 15:13:19 | INFO     | extract_sensors | Processing 6/746 | Location ID = 50
2026-07-20 15:13:19 | INFO     | extract_sensors | Processing 7/746 | Location ID = 103
2026-07-20 15:13:20 | INFO     | extract_sensors | Processing 8/746 | Location ID = 235
2026-07-20 15:13:20 | INFO     | extract_sensors | Processing 9/746 | Location ID = 236
2026-07-20 15:13:21 | INFO     | extract_sensors | Processing 10/746 | Location ID = 286
2026-07-20 15:13:22 | INFO     | extract_sensors | Processing 11/746 | Location ID = 301
2026-07-20 15:13:22 | INFO     | extract_sensors | Processing 12/746 | Location ID = 346
2026-07-20 15:13:23 | INFO     | extract_sensors | Processing 13/746 | Location ID = 354
2026-07-20 15:13:23 | INFO     | extract_sensors | Processing 14/746 | Location ID = 378
2026-07-20 15:13:24 | INFO     | extract_sensors | Processing 15/746 | Location ID = 407
2026-07-20 15:13:24 | INFO     | extract_sensors | Processing 16/746 | Location ID = 412
2026-07-20 15:13:25 | INFO     | extract_sensors | Processing 17/746 | Location ID = 431
2026-07-20 15:13:25 | INFO     | extract_sensors | Processing 18/746 | Location ID = 594
2026-07-20 15:13:26 | INFO     | extract_sensors | Processing 19/746 | Location ID = 697
2026-07-20 15:13:27 | INFO     | extract_sensors | Processing 20/746 | Location ID = 703
2026-07-20 15:13:28 | INFO     | extract_sensors | Processing 21/746 | Location ID = 716
2026-07-20 15:13:28 | INFO     | extract_sensors | Processing 22/746 | Location ID = 797
2026-07-20 15:13:29 | INFO     | extract_sensors | Processing 23/746 | Location ID = 854
2026-07-20 15:13:29 | INFO     | extract_sensors | Processing 24/746 | Location ID = 860
2026-07-20 15:13:30 | INFO     | extract_sensors | Processing 25/746 | Location ID = 910
2026-07-20 15:13:31 | INFO     | extract_sensors | Processing 26/746 | Location ID = 985
2026-07-20 15:13:31 | INFO     | extract_sensors | Processing 27/746 | Location ID = 2345
2026-07-20 15:13:32 | INFO     | extract_sensors | Processing 28/746 | Location ID = 2456
2026-07-20 15:13:33 | INFO     | extract_sensors | Processing 29/746 | Location ID = 2459
2026-07-20 15:13:34 | INFO     | extract_sensors | Processing 30/746 | Location ID = 2460
2026-07-20 15:13:34 | INFO     | extract_sensors | Processing 31/746 | Location ID = 2461
2026-07-20 15:13:35 | INFO     | extract_sensors | Processing 32/746 | Location ID = 2463
2026-07-20 15:13:35 | INFO     | extract_sensors | Processing 33/746 | Location ID = 2503
2026-07-20 15:13:36 | INFO     | extract_sensors | Processing 34/746 | Location ID = 2549
2026-07-20 15:13:37 | INFO     | extract_sensors | Processing 35/746 | Location ID = 2583
2026-07-20 15:13:37 | INFO     | extract_sensors | Processing 36/746 | Location ID = 2585
2026-07-20 15:13:38 | INFO     | extract_sensors | Processing 37/746 | Location ID = 2586
2026-07-20 15:13:38 | INFO     | extract_sensors | Processing 38/746 | Location ID = 2587
2026-07-20 15:13:39 | INFO     | extract_sensors | Processing 39/746 | Location ID = 2589
2026-07-20 15:13:39 | INFO     | extract_sensors | Processing 40/746 | Location ID = 2591
2026-07-20 15:13:40 | INFO     | extract_sensors | Processing 41/746 | Location ID = 2592
2026-07-20 15:13:41 | INFO     | extract_sensors | Processing 42/746 | Location ID = 2593
2026-07-20 15:13:41 | INFO     | extract_sensors | Processing 43/746 | Location ID = 2594
2026-07-20 15:13:42 | INFO     | extract_sensors | Processing 44/746 | Location ID = 2595
2026-07-20 15:13:42 | INFO     | extract_sensors | Processing 45/746 | Location ID = 2596
2026-07-20 15:13:43 | INFO     | extract_sensors | Processing 46/746 | Location ID = 2597
2026-07-20 15:13:43 | INFO     | extract_sensors | Processing 47/746 | Location ID = 2598
2026-07-20 15:13:44 | INFO     | extract_sensors | Processing 48/746 | Location ID = 5404
2026-07-20 15:13:45 | INFO     | extract_sensors | Processing 49/746 | Location ID = 5408
2026-07-20 15:13:45 | INFO     | extract_sensors | Processing 50/746 | Location ID = 5443
2026-07-20 15:13:46 | INFO     | extract_sensors | Processing 51/746 | Location ID = 5505
2026-07-20 15:13:47 | INFO     | extract_sensors | Processing 52/746 | Location ID = 5509
2026-07-20 15:13:47 | INFO     | extract_sensors | Processing 53/746 | Location ID = 5540
2026-07-20 15:13:48 | INFO     | extract_sensors | Processing 54/746 | Location ID = 5541
2026-07-20 15:13:49 | INFO     | extract_sensors | Processing 55/746 | Location ID = 5542
2026-07-20 15:13:49 | INFO     | extract_sensors | Processing 56/746 | Location ID = 5544
2026-07-20 15:13:50 | INFO     | extract_sensors | Processing 57/746 | Location ID = 5546
2026-07-20 15:13:51 | INFO     | extract_sensors | Processing 58/746 | Location ID = 5547
2026-07-20 15:13:52 | INFO     | extract_sensors | Processing 59/746 | Location ID = 5548
2026-07-20 15:13:53 | INFO     | extract_sensors | Processing 60/746 | Location ID = 5551
2026-07-20 15:13:54 | INFO     | extract_sensors | Processing 61/746 | Location ID = 5552
2026-07-20 15:13:54 | WARNING  | extract_sensors | Rate limit hit (429). Sleeping 22s before retry (1/10)...
2026-07-20 15:14:17 | INFO     | extract_sensors | Processing 62/746 | Location ID = 5558
2026-07-20 15:14:18 | INFO     | extract_sensors | Processing 63/746 | Location ID = 5559
2026-07-20 15:14:18 | INFO     | extract_sensors | Processing 64/746 | Location ID = 5565
2026-07-20 15:14:19 | INFO     | extract_sensors | Processing 65/746 | Location ID = 5566
2026-07-20 15:14:21 | INFO     | extract_sensors | Processing 66/746 | Location ID = 5569
2026-07-20 15:14:21 | INFO     | extract_sensors | Processing 67/746 | Location ID = 5570
2026-07-20 15:14:22 | INFO     | extract_sensors | Processing 68/746 | Location ID = 5574
2026-07-20 15:14:23 | INFO     | extract_sensors | Processing 69/746 | Location ID = 5576
2026-07-20 15:14:24 | INFO     | extract_sensors | Processing 70/746 | Location ID = 5581
2026-07-20 15:14:24 | INFO     | extract_sensors | Processing 71/746 | Location ID = 5585
2026-07-20 15:14:25 | INFO     | extract_sensors | Processing 72/746 | Location ID = 5586
2026-07-20 15:14:26 | INFO     | extract_sensors | Processing 73/746 | Location ID = 5587
2026-07-20 15:14:26 | INFO     | extract_sensors | Processing 74/746 | Location ID = 5588
2026-07-20 15:14:27 | INFO     | extract_sensors | Processing 75/746 | Location ID = 5590
2026-07-20 15:14:27 | INFO     | extract_sensors | Processing 76/746 | Location ID = 5592
2026-07-20 15:14:28 | INFO     | extract_sensors | Processing 77/746 | Location ID = 5593
2026-07-20 15:14:28 | INFO     | extract_sensors | Processing 78/746 | Location ID = 5594
2026-07-20 15:14:29 | INFO     | extract_sensors | Processing 79/746 | Location ID = 5596
2026-07-20 15:14:30 | INFO     | extract_sensors | Processing 80/746 | Location ID = 5598
2026-07-20 15:14:31 | INFO     | extract_sensors | Processing 81/746 | Location ID = 5599
2026-07-20 15:14:31 | INFO     | extract_sensors | Processing 82/746 | Location ID = 5601
2026-07-20 15:14:32 | INFO     | extract_sensors | Processing 83/746 | Location ID = 5602
2026-07-20 15:14:32 | INFO     | extract_sensors | Processing 84/746 | Location ID = 5603
2026-07-20 15:14:33 | INFO     | extract_sensors | Processing 85/746 | Location ID = 5604
2026-07-20 15:14:33 | INFO     | extract_sensors | Processing 86/746 | Location ID = 5607
2026-07-20 15:14:34 | INFO     | extract_sensors | Processing 87/746 | Location ID = 5608
2026-07-20 15:14:34 | INFO     | extract_sensors | Processing 88/746 | Location ID = 5609
2026-07-20 15:14:35 | INFO     | extract_sensors | Processing 89/746 | Location ID = 5610
2026-07-20 15:14:36 | INFO     | extract_sensors | Processing 90/746 | Location ID = 5611
2026-07-20 15:14:37 | INFO     | extract_sensors | Processing 91/746 | Location ID = 5612
2026-07-20 15:14:37 | INFO     | extract_sensors | Processing 92/746 | Location ID = 5613
2026-07-20 15:14:38 | INFO     | extract_sensors | Processing 93/746 | Location ID = 5614
2026-07-20 15:14:38 | INFO     | extract_sensors | Processing 94/746 | Location ID = 5615
2026-07-20 15:14:39 | INFO     | extract_sensors | Processing 95/746 | Location ID = 5616
2026-07-20 15:14:40 | INFO     | extract_sensors | Processing 96/746 | Location ID = 5617
2026-07-20 15:14:40 | INFO     | extract_sensors | Processing 97/746 | Location ID = 5619
2026-07-20 15:14:40 | INFO     | extract_sensors | Processing 98/746 | Location ID = 5621
2026-07-20 15:14:41 | INFO     | extract_sensors | Processing 99/746 | Location ID = 5622
2026-07-20 15:14:41 | INFO     | extract_sensors | Processing 100/746 | Location ID = 5623
2026-07-20 15:14:42 | INFO     | extract_sensors | Processing 101/746 | Location ID = 5624
2026-07-20 15:14:43 | INFO     | extract_sensors | Processing 102/746 | Location ID = 5625
2026-07-20 15:14:44 | INFO     | extract_sensors | Processing 103/746 | Location ID = 5626
2026-07-20 15:14:45 | INFO     | extract_sensors | Processing 104/746 | Location ID = 5627
2026-07-20 15:14:45 | INFO     | extract_sensors | Processing 105/746 | Location ID = 5628
2026-07-20 15:14:45 | INFO     | extract_sensors | Processing 106/746 | Location ID = 5630
2026-07-20 15:14:46 | INFO     | extract_sensors | Processing 107/746 | Location ID = 5631
2026-07-20 15:14:47 | INFO     | extract_sensors | Processing 108/746 | Location ID = 5632
2026-07-20 15:14:47 | INFO     | extract_sensors | Processing 109/746 | Location ID = 5633
2026-07-20 15:14:48 | INFO     | extract_sensors | Processing 110/746 | Location ID = 5634
2026-07-20 15:14:49 | INFO     | extract_sensors | Processing 111/746 | Location ID = 5635
2026-07-20 15:14:50 | INFO     | extract_sensors | Processing 112/746 | Location ID = 5636
2026-07-20 15:14:51 | INFO     | extract_sensors | Processing 113/746 | Location ID = 5638
2026-07-20 15:14:52 | INFO     | extract_sensors | Processing 114/746 | Location ID = 5639
2026-07-20 15:14:53 | INFO     | extract_sensors | Processing 115/746 | Location ID = 5641
2026-07-20 15:14:53 | INFO     | extract_sensors | Processing 116/746 | Location ID = 5642
2026-07-20 15:14:54 | INFO     | extract_sensors | Processing 117/746 | Location ID = 5644
2026-07-20 15:14:55 | INFO     | extract_sensors | Processing 118/746 | Location ID = 5645
2026-07-20 15:14:55 | INFO     | extract_sensors | Processing 119/746 | Location ID = 5646
2026-07-20 15:14:56 | INFO     | extract_sensors | Processing 120/746 | Location ID = 5647
2026-07-20 15:14:57 | INFO     | extract_sensors | Processing 121/746 | Location ID = 5648
2026-07-20 15:14:57 | WARNING  | extract_sensors | Rate limit hit (429). Sleeping 20s before retry (1/10)...
2026-07-20 15:15:18 | INFO     | extract_sensors | Processing 122/746 | Location ID = 5649
2026-07-20 15:15:19 | INFO     | extract_sensors | Processing 123/746 | Location ID = 5650
2026-07-20 15:15:20 | INFO     | extract_sensors | Processing 124/746 | Location ID = 5652
2026-07-20 15:15:21 | INFO     | extract_sensors | Processing 125/746 | Location ID = 5655
2026-07-20 15:15:22 | INFO     | extract_sensors | Processing 126/746 | Location ID = 5657
2026-07-20 15:15:22 | INFO     | extract_sensors | Processing 127/746 | Location ID = 5659
2026-07-20 15:15:23 | INFO     | extract_sensors | Processing 128/746 | Location ID = 5661
2026-07-20 15:15:23 | INFO     | extract_sensors | Processing 129/746 | Location ID = 5662
2026-07-20 15:15:24 | INFO     | extract_sensors | Processing 130/746 | Location ID = 5664
2026-07-20 15:15:25 | INFO     | extract_sensors | Processing 131/746 | Location ID = 5665
2026-07-20 15:15:25 | INFO     | extract_sensors | Processing 132/746 | Location ID = 5667
2026-07-20 15:15:26 | INFO     | extract_sensors | Processing 133/746 | Location ID = 5742
2026-07-20 15:15:26 | INFO     | extract_sensors | Processing 134/746 | Location ID = 5743
2026-07-20 15:15:26 | INFO     | extract_sensors | Processing 135/746 | Location ID = 5744
2026-07-20 15:15:27 | INFO     | extract_sensors | Processing 136/746 | Location ID = 5745
2026-07-20 15:15:28 | INFO     | extract_sensors | Processing 137/746 | Location ID = 5753
2026-07-20 15:15:29 | INFO     | extract_sensors | Processing 138/746 | Location ID = 5754
2026-07-20 15:15:29 | INFO     | extract_sensors | Processing 139/746 | Location ID = 5755
2026-07-20 15:15:30 | INFO     | extract_sensors | Processing 140/746 | Location ID = 5759
2026-07-20 15:15:30 | INFO     | extract_sensors | Processing 141/746 | Location ID = 5760
2026-07-20 15:15:31 | INFO     | extract_sensors | Processing 142/746 | Location ID = 5761
2026-07-20 15:15:31 | INFO     | extract_sensors | Processing 143/746 | Location ID = 5762
2026-07-20 15:15:32 | INFO     | extract_sensors | Processing 144/746 | Location ID = 5763
2026-07-20 15:15:32 | INFO     | extract_sensors | Processing 145/746 | Location ID = 5765
2026-07-20 15:15:33 | INFO     | extract_sensors | Processing 146/746 | Location ID = 5766
2026-07-20 15:15:34 | INFO     | extract_sensors | Processing 147/746 | Location ID = 6310
2026-07-20 15:15:34 | INFO     | extract_sensors | Processing 148/746 | Location ID = 6314
2026-07-20 15:15:34 | INFO     | extract_sensors | Processing 149/746 | Location ID = 6356
2026-07-20 15:15:35 | INFO     | extract_sensors | Processing 150/746 | Location ID = 6357
2026-07-20 15:15:36 | INFO     | extract_sensors | Processing 151/746 | Location ID = 6358
2026-07-20 15:15:36 | INFO     | extract_sensors | Processing 152/746 | Location ID = 6359
2026-07-20 15:15:37 | INFO     | extract_sensors | Processing 153/746 | Location ID = 6442
2026-07-20 15:15:37 | INFO     | extract_sensors | Processing 154/746 | Location ID = 6443
2026-07-20 15:15:38 | INFO     | extract_sensors | Processing 155/746 | Location ID = 6920
2026-07-20 15:15:38 | INFO     | extract_sensors | Processing 156/746 | Location ID = 6923
2026-07-20 15:15:39 | INFO     | extract_sensors | Processing 157/746 | Location ID = 6924
2026-07-20 15:15:40 | INFO     | extract_sensors | Processing 158/746 | Location ID = 6927
2026-07-20 15:15:40 | INFO     | extract_sensors | Processing 159/746 | Location ID = 6928
2026-07-20 15:15:41 | INFO     | extract_sensors | Processing 160/746 | Location ID = 6929
2026-07-20 15:15:42 | INFO     | extract_sensors | Processing 161/746 | Location ID = 6930
2026-07-20 15:15:43 | INFO     | extract_sensors | Processing 162/746 | Location ID = 6931
2026-07-20 15:15:44 | INFO     | extract_sensors | Processing 163/746 | Location ID = 6932
2026-07-20 15:15:44 | INFO     | extract_sensors | Processing 164/746 | Location ID = 6933
2026-07-20 15:15:44 | INFO     | extract_sensors | Processing 165/746 | Location ID = 6934
2026-07-20 15:15:45 | INFO     | extract_sensors | Processing 166/746 | Location ID = 6935
2026-07-20 15:15:46 | INFO     | extract_sensors | Processing 167/746 | Location ID = 6936
2026-07-20 15:15:47 | INFO     | extract_sensors | Processing 168/746 | Location ID = 6937
2026-07-20 15:15:48 | INFO     | extract_sensors | Processing 169/746 | Location ID = 6938
2026-07-20 15:15:49 | INFO     | extract_sensors | Processing 170/746 | Location ID = 6939
2026-07-20 15:15:50 | INFO     | extract_sensors | Processing 171/746 | Location ID = 6940
2026-07-20 15:15:50 | INFO     | extract_sensors | Processing 172/746 | Location ID = 6941
2026-07-20 15:15:51 | INFO     | extract_sensors | Processing 173/746 | Location ID = 6942
2026-07-20 15:15:52 | INFO     | extract_sensors | Processing 174/746 | Location ID = 6943
2026-07-20 15:15:53 | INFO     | extract_sensors | Processing 175/746 | Location ID = 6944
2026-07-20 15:15:54 | INFO     | extract_sensors | Processing 176/746 | Location ID = 6945
2026-07-20 15:15:55 | INFO     | extract_sensors | Processing 177/746 | Location ID = 6946
2026-07-20 15:15:56 | INFO     | extract_sensors | Processing 178/746 | Location ID = 6947
2026-07-20 15:15:56 | INFO     | extract_sensors | Processing 179/746 | Location ID = 6948
2026-07-20 15:15:57 | INFO     | extract_sensors | Processing 180/746 | Location ID = 6949
2026-07-20 15:15:58 | INFO     | extract_sensors | Processing 181/746 | Location ID = 6950
2026-07-20 15:15:59 | WARNING  | extract_sensors | Rate limit hit (429). Sleeping 19s before retry (1/10)...
2026-07-20 15:16:19 | INFO     | extract_sensors | Processing 182/746 | Location ID = 6951
2026-07-20 15:16:20 | INFO     | extract_sensors | Processing 183/746 | Location ID = 6952
2026-07-20 15:16:21 | INFO     | extract_sensors | Processing 184/746 | Location ID = 6953
2026-07-20 15:16:22 | INFO     | extract_sensors | Processing 185/746 | Location ID = 6954
2026-07-20 15:16:23 | INFO     | extract_sensors | Processing 186/746 | Location ID = 6955
2026-07-20 15:16:23 | INFO     | extract_sensors | Processing 187/746 | Location ID = 6956
2026-07-20 15:16:24 | INFO     | extract_sensors | Processing 188/746 | Location ID = 6957
2026-07-20 15:16:25 | INFO     | extract_sensors | Processing 189/746 | Location ID = 6958
2026-07-20 15:16:25 | INFO     | extract_sensors | Processing 190/746 | Location ID = 6959
2026-07-20 15:16:26 | INFO     | extract_sensors | Processing 191/746 | Location ID = 6960
2026-07-20 15:16:26 | INFO     | extract_sensors | Processing 192/746 | Location ID = 6961
2026-07-20 15:16:27 | INFO     | extract_sensors | Processing 193/746 | Location ID = 6962
2026-07-20 15:16:27 | INFO     | extract_sensors | Processing 194/746 | Location ID = 6963
2026-07-20 15:16:28 | INFO     | extract_sensors | Processing 195/746 | Location ID = 6964
2026-07-20 15:16:29 | INFO     | extract_sensors | Processing 196/746 | Location ID = 6965
2026-07-20 15:16:29 | INFO     | extract_sensors | Processing 197/746 | Location ID = 6966
2026-07-20 15:16:29 | INFO     | extract_sensors | Processing 198/746 | Location ID = 6967
2026-07-20 15:16:30 | INFO     | extract_sensors | Processing 199/746 | Location ID = 6968
2026-07-20 15:16:31 | INFO     | extract_sensors | Processing 200/746 | Location ID = 6969
2026-07-20 15:16:31 | INFO     | extract_sensors | Processing 201/746 | Location ID = 6970
2026-07-20 15:16:32 | INFO     | extract_sensors | Processing 202/746 | Location ID = 6971
2026-07-20 15:16:32 | INFO     | extract_sensors | Processing 203/746 | Location ID = 6972
2026-07-20 15:16:33 | INFO     | extract_sensors | Processing 204/746 | Location ID = 6973
2026-07-20 15:16:34 | INFO     | extract_sensors | Processing 205/746 | Location ID = 6974
2026-07-20 15:16:35 | INFO     | extract_sensors | Processing 206/746 | Location ID = 6975
2026-07-20 15:16:36 | INFO     | extract_sensors | Processing 207/746 | Location ID = 6976
2026-07-20 15:16:36 | INFO     | extract_sensors | Processing 208/746 | Location ID = 6978
2026-07-20 15:16:36 | INFO     | extract_sensors | Processing 209/746 | Location ID = 6979
2026-07-20 15:16:37 | INFO     | extract_sensors | Processing 210/746 | Location ID = 6980
2026-07-20 15:16:38 | INFO     | extract_sensors | Processing 211/746 | Location ID = 6981
2026-07-20 15:16:38 | INFO     | extract_sensors | Processing 212/746 | Location ID = 6982
2026-07-20 15:16:38 | INFO     | extract_sensors | Processing 213/746 | Location ID = 6983
2026-07-20 15:16:39 | INFO     | extract_sensors | Processing 214/746 | Location ID = 6984
2026-07-20 15:16:40 | INFO     | extract_sensors | Processing 215/746 | Location ID = 6985
2026-07-20 15:16:41 | INFO     | extract_sensors | Processing 216/746 | Location ID = 6986
2026-07-20 15:16:41 | INFO     | extract_sensors | Processing 217/746 | Location ID = 6987
2026-07-20 15:16:41 | INFO     | extract_sensors | Processing 218/746 | Location ID = 6988
2026-07-20 15:16:42 | INFO     | extract_sensors | Processing 219/746 | Location ID = 7005
2026-07-20 15:16:42 | INFO     | extract_sensors | Processing 220/746 | Location ID = 7044
2026-07-20 15:16:43 | INFO     | extract_sensors | Processing 221/746 | Location ID = 7140
2026-07-20 15:16:43 | INFO     | extract_sensors | Processing 222/746 | Location ID = 7280
2026-07-20 15:16:44 | INFO     | extract_sensors | Processing 223/746 | Location ID = 7281
2026-07-20 15:16:44 | INFO     | extract_sensors | Processing 224/746 | Location ID = 7282
2026-07-20 15:16:45 | INFO     | extract_sensors | Processing 225/746 | Location ID = 7283
2026-07-20 15:16:46 | INFO     | extract_sensors | Processing 226/746 | Location ID = 7289
2026-07-20 15:16:46 | INFO     | extract_sensors | Processing 227/746 | Location ID = 7292
2026-07-20 15:16:47 | INFO     | extract_sensors | Processing 228/746 | Location ID = 7299
2026-07-20 15:16:48 | INFO     | extract_sensors | Processing 229/746 | Location ID = 7434
2026-07-20 15:16:49 | INFO     | extract_sensors | Processing 230/746 | Location ID = 7494
2026-07-20 15:16:49 | INFO     | extract_sensors | Processing 231/746 | Location ID = 7495
2026-07-20 15:16:50 | INFO     | extract_sensors | Processing 232/746 | Location ID = 7583
2026-07-20 15:16:51 | INFO     | extract_sensors | Processing 233/746 | Location ID = 7720
2026-07-20 15:16:52 | INFO     | extract_sensors | Processing 234/746 | Location ID = 7752
2026-07-20 15:16:52 | INFO     | extract_sensors | Processing 235/746 | Location ID = 7777
2026-07-20 15:16:53 | INFO     | extract_sensors | Processing 236/746 | Location ID = 7833
2026-07-20 15:16:54 | INFO     | extract_sensors | Processing 237/746 | Location ID = 7850
2026-07-20 15:16:54 | INFO     | extract_sensors | Processing 238/746 | Location ID = 7880
2026-07-20 15:16:55 | INFO     | extract_sensors | Processing 239/746 | Location ID = 7901
2026-07-20 15:16:55 | INFO     | extract_sensors | Processing 240/746 | Location ID = 7979
2026-07-20 15:16:56 | INFO     | extract_sensors | Processing 241/746 | Location ID = 8035
2026-07-20 15:16:56 | WARNING  | extract_sensors | Rate limit hit (429). Sleeping 22s before retry (1/10)...
2026-07-20 15:17:19 | INFO     | extract_sensors | Processing 242/746 | Location ID = 8039
2026-07-20 15:17:20 | INFO     | extract_sensors | Processing 243/746 | Location ID = 8092
2026-07-20 15:17:21 | INFO     | extract_sensors | Processing 244/746 | Location ID = 8118
2026-07-20 15:17:22 | INFO     | extract_sensors | Processing 245/746 | Location ID = 8153
2026-07-20 15:17:22 | INFO     | extract_sensors | Processing 246/746 | Location ID = 8171
2026-07-20 15:17:23 | INFO     | extract_sensors | Processing 247/746 | Location ID = 8172
2026-07-20 15:17:24 | INFO     | extract_sensors | Processing 248/746 | Location ID = 8190
2026-07-20 15:17:24 | INFO     | extract_sensors | Processing 249/746 | Location ID = 8235
2026-07-20 15:17:25 | INFO     | extract_sensors | Processing 250/746 | Location ID = 8239
2026-07-20 15:17:26 | INFO     | extract_sensors | Processing 251/746 | Location ID = 8245
2026-07-20 15:17:27 | INFO     | extract_sensors | Processing 252/746 | Location ID = 8319
2026-07-20 15:17:27 | INFO     | extract_sensors | Processing 253/746 | Location ID = 8365
2026-07-20 15:17:27 | INFO     | extract_sensors | Processing 254/746 | Location ID = 8472
2026-07-20 15:17:28 | INFO     | extract_sensors | Processing 255/746 | Location ID = 8475
2026-07-20 15:17:29 | INFO     | extract_sensors | Processing 256/746 | Location ID = 8557
2026-07-20 15:17:30 | INFO     | extract_sensors | Processing 257/746 | Location ID = 8558
2026-07-20 15:17:30 | INFO     | extract_sensors | Processing 258/746 | Location ID = 8914
2026-07-20 15:17:30 | INFO     | extract_sensors | Processing 259/746 | Location ID = 8915
2026-07-20 15:17:31 | INFO     | extract_sensors | Processing 260/746 | Location ID = 8916
2026-07-20 15:17:32 | INFO     | extract_sensors | Processing 261/746 | Location ID = 8917
2026-07-20 15:17:33 | INFO     | extract_sensors | Processing 262/746 | Location ID = 10484
2026-07-20 15:17:33 | INFO     | extract_sensors | Processing 263/746 | Location ID = 10485
2026-07-20 15:17:34 | INFO     | extract_sensors | Processing 264/746 | Location ID = 10486
2026-07-20 15:17:34 | INFO     | extract_sensors | Processing 265/746 | Location ID = 10487
2026-07-20 15:17:35 | INFO     | extract_sensors | Processing 266/746 | Location ID = 10488
2026-07-20 15:17:35 | INFO     | extract_sensors | Processing 267/746 | Location ID = 10489
2026-07-20 15:17:36 | INFO     | extract_sensors | Processing 268/746 | Location ID = 10537
2026-07-20 15:17:37 | INFO     | extract_sensors | Processing 269/746 | Location ID = 10545
2026-07-20 15:17:38 | INFO     | extract_sensors | Processing 270/746 | Location ID = 10599
2026-07-20 15:17:38 | INFO     | extract_sensors | Processing 271/746 | Location ID = 10609
2026-07-20 15:17:39 | INFO     | extract_sensors | Processing 272/746 | Location ID = 10630
2026-07-20 15:17:39 | INFO     | extract_sensors | Processing 273/746 | Location ID = 10633
2026-07-20 15:17:40 | INFO     | extract_sensors | Processing 274/746 | Location ID = 10645
2026-07-20 15:17:41 | INFO     | extract_sensors | Processing 275/746 | Location ID = 10670
2026-07-20 15:17:42 | INFO     | extract_sensors | Processing 276/746 | Location ID = 10695
2026-07-20 15:17:42 | INFO     | extract_sensors | Processing 277/746 | Location ID = 10697
2026-07-20 15:17:43 | INFO     | extract_sensors | Processing 278/746 | Location ID = 10725
2026-07-20 15:17:44 | INFO     | extract_sensors | Processing 279/746 | Location ID = 10747
2026-07-20 15:17:44 | INFO     | extract_sensors | Processing 280/746 | Location ID = 10780
2026-07-20 15:17:45 | INFO     | extract_sensors | Processing 281/746 | Location ID = 10820
2026-07-20 15:17:46 | INFO     | extract_sensors | Processing 282/746 | Location ID = 10823
2026-07-20 15:17:46 | INFO     | extract_sensors | Processing 283/746 | Location ID = 10825
2026-07-20 15:17:47 | INFO     | extract_sensors | Processing 284/746 | Location ID = 10831
2026-07-20 15:17:47 | INFO     | extract_sensors | Processing 285/746 | Location ID = 10844
2026-07-20 15:17:48 | INFO     | extract_sensors | Processing 286/746 | Location ID = 10851
2026-07-20 15:17:49 | INFO     | extract_sensors | Processing 287/746 | Location ID = 10895
2026-07-20 15:17:50 | INFO     | extract_sensors | Processing 288/746 | Location ID = 10896
2026-07-20 15:17:51 | INFO     | extract_sensors | Processing 289/746 | Location ID = 10897
2026-07-20 15:17:51 | INFO     | extract_sensors | Processing 290/746 | Location ID = 10898
2026-07-20 15:17:52 | INFO     | extract_sensors | Processing 291/746 | Location ID = 10900
2026-07-20 15:17:52 | INFO     | extract_sensors | Processing 292/746 | Location ID = 10901
2026-07-20 15:17:53 | INFO     | extract_sensors | Processing 293/746 | Location ID = 10902
2026-07-20 15:17:54 | INFO     | extract_sensors | Processing 294/746 | Location ID = 10903
2026-07-20 15:17:54 | INFO     | extract_sensors | Processing 295/746 | Location ID = 10904
2026-07-20 15:17:56 | INFO     | extract_sensors | Processing 296/746 | Location ID = 10905
2026-07-20 15:17:56 | INFO     | extract_sensors | Processing 297/746 | Location ID = 10906
2026-07-20 15:17:57 | INFO     | extract_sensors | Processing 298/746 | Location ID = 10907
2026-07-20 15:17:58 | INFO     | extract_sensors | Processing 299/746 | Location ID = 10908
2026-07-20 15:17:59 | INFO     | extract_sensors | Processing 300/746 | Location ID = 10909
2026-07-20 15:18:00 | INFO     | extract_sensors | Processing 301/746 | Location ID = 10910
2026-07-20 15:18:00 | WARNING  | extract_sensors | Rate limit hit (429). Sleeping 19s before retry (1/10)...
2026-07-20 15:18:20 | INFO     | extract_sensors | Processing 302/746 | Location ID = 10911
2026-07-20 15:18:21 | INFO     | extract_sensors | Processing 303/746 | Location ID = 10912
2026-07-20 15:18:21 | INFO     | extract_sensors | Processing 304/746 | Location ID = 10913
2026-07-20 15:18:22 | INFO     | extract_sensors | Processing 305/746 | Location ID = 10914
2026-07-20 15:18:23 | INFO     | extract_sensors | Processing 306/746 | Location ID = 10915
2026-07-20 15:18:24 | INFO     | extract_sensors | Processing 307/746 | Location ID = 10916
2026-07-20 15:18:24 | INFO     | extract_sensors | Processing 308/746 | Location ID = 10917
2026-07-20 15:18:25 | INFO     | extract_sensors | Processing 309/746 | Location ID = 10918
2026-07-20 15:18:25 | INFO     | extract_sensors | Processing 310/746 | Location ID = 10919
2026-07-20 15:18:26 | INFO     | extract_sensors | Processing 311/746 | Location ID = 10920
2026-07-20 15:18:27 | INFO     | extract_sensors | Processing 312/746 | Location ID = 10921
2026-07-20 15:18:27 | INFO     | extract_sensors | Processing 313/746 | Location ID = 11577
2026-07-20 15:18:27 | INFO     | extract_sensors | Processing 314/746 | Location ID = 11578
2026-07-20 15:18:28 | INFO     | extract_sensors | Processing 315/746 | Location ID = 11579
2026-07-20 15:18:28 | INFO     | extract_sensors | Processing 316/746 | Location ID = 11580
2026-07-20 15:18:29 | INFO     | extract_sensors | Processing 317/746 | Location ID = 11581
2026-07-20 15:18:30 | INFO     | extract_sensors | Processing 318/746 | Location ID = 11582
2026-07-20 15:18:31 | INFO     | extract_sensors | Processing 319/746 | Location ID = 11583
2026-07-20 15:18:31 | INFO     | extract_sensors | Processing 320/746 | Location ID = 11602
2026-07-20 15:18:32 | INFO     | extract_sensors | Processing 321/746 | Location ID = 11603
2026-07-20 15:18:33 | INFO     | extract_sensors | Processing 322/746 | Location ID = 11604
2026-07-20 15:18:34 | INFO     | extract_sensors | Processing 323/746 | Location ID = 11606
2026-07-20 15:18:35 | INFO     | extract_sensors | Processing 324/746 | Location ID = 11607
2026-07-20 15:18:36 | INFO     | extract_sensors | Processing 325/746 | Location ID = 11608
2026-07-20 15:18:37 | INFO     | extract_sensors | Processing 326/746 | Location ID = 11609
2026-07-20 15:18:38 | INFO     | extract_sensors | Processing 327/746 | Location ID = 11610
2026-07-20 15:18:39 | INFO     | extract_sensors | Processing 328/746 | Location ID = 11611
2026-07-20 15:18:39 | INFO     | extract_sensors | Processing 329/746 | Location ID = 11612
2026-07-20 15:18:40 | INFO     | extract_sensors | Processing 330/746 | Location ID = 11613
2026-07-20 15:18:41 | INFO     | extract_sensors | Processing 331/746 | Location ID = 12024
2026-07-20 15:18:42 | INFO     | extract_sensors | Processing 332/746 | Location ID = 12039
2026-07-20 15:18:43 | INFO     | extract_sensors | Processing 333/746 | Location ID = 12040
2026-07-20 15:18:44 | INFO     | extract_sensors | Processing 334/746 | Location ID = 12041
2026-07-20 15:18:45 | INFO     | extract_sensors | Processing 335/746 | Location ID = 12042
2026-07-20 15:18:45 | INFO     | extract_sensors | Processing 336/746 | Location ID = 12043
2026-07-20 15:18:46 | INFO     | extract_sensors | Processing 337/746 | Location ID = 12044
2026-07-20 15:18:46 | INFO     | extract_sensors | Processing 338/746 | Location ID = 12045
2026-07-20 15:18:47 | INFO     | extract_sensors | Processing 339/746 | Location ID = 12046
2026-07-20 15:18:48 | INFO     | extract_sensors | Processing 340/746 | Location ID = 42240
2026-07-20 15:18:49 | INFO     | extract_sensors | Processing 341/746 | Location ID = 44513
2026-07-20 15:18:50 | INFO     | extract_sensors | Processing 342/746 | Location ID = 44514
2026-07-20 15:18:51 | INFO     | extract_sensors | Processing 343/746 | Location ID = 44515
2026-07-20 15:18:52 | INFO     | extract_sensors | Processing 344/746 | Location ID = 45008
2026-07-20 15:18:52 | INFO     | extract_sensors | Processing 345/746 | Location ID = 60656
2026-07-20 15:18:53 | INFO     | extract_sensors | Processing 346/746 | Location ID = 60657
2026-07-20 15:18:53 | INFO     | extract_sensors | Processing 347/746 | Location ID = 60658
2026-07-20 15:18:55 | INFO     | extract_sensors | Processing 348/746 | Location ID = 60659
2026-07-20 15:18:55 | INFO     | extract_sensors | Processing 349/746 | Location ID = 60660
2026-07-20 15:18:56 | INFO     | extract_sensors | Processing 350/746 | Location ID = 60661
2026-07-20 15:18:57 | INFO     | extract_sensors | Processing 351/746 | Location ID = 220265
2026-07-20 15:18:58 | INFO     | extract_sensors | Processing 352/746 | Location ID = 220353
2026-07-20 15:18:59 | INFO     | extract_sensors | Processing 353/746 | Location ID = 223145
2026-07-20 15:19:00 | INFO     | extract_sensors | Processing 354/746 | Location ID = 223146
2026-07-20 15:19:01 | INFO     | extract_sensors | Processing 355/746 | Location ID = 227384
2026-07-20 15:19:01 | INFO     | extract_sensors | Processing 356/746 | Location ID = 227386
2026-07-20 15:19:02 | INFO     | extract_sensors | Processing 357/746 | Location ID = 227387
2026-07-20 15:19:02 | INFO     | extract_sensors | Processing 358/746 | Location ID = 227533
2026-07-20 15:19:03 | INFO     | extract_sensors | Processing 359/746 | Location ID = 227534
2026-07-20 15:19:04 | INFO     | extract_sensors | Processing 360/746 | Location ID = 227535
2026-07-20 15:19:05 | INFO     | extract_sensors | Processing 361/746 | Location ID = 227536
2026-07-20 15:19:05 | WARNING  | extract_sensors | Rate limit hit (429). Sleeping 14s before retry (1/10)...
2026-07-20 15:19:20 | INFO     | extract_sensors | Processing 362/746 | Location ID = 227931
2026-07-20 15:19:21 | INFO     | extract_sensors | Processing 363/746 | Location ID = 228297
2026-07-20 15:19:22 | INFO     | extract_sensors | Processing 364/746 | Location ID = 228298
2026-07-20 15:19:23 | INFO     | extract_sensors | Processing 365/746 | Location ID = 228299
2026-07-20 15:19:23 | INFO     | extract_sensors | Processing 366/746 | Location ID = 228300
2026-07-20 15:19:24 | INFO     | extract_sensors | Processing 367/746 | Location ID = 228301
2026-07-20 15:19:25 | INFO     | extract_sensors | Processing 368/746 | Location ID = 228303
2026-07-20 15:19:25 | INFO     | extract_sensors | Processing 369/746 | Location ID = 228352
2026-07-20 15:19:26 | INFO     | extract_sensors | Processing 370/746 | Location ID = 228397
2026-07-20 15:19:26 | INFO     | extract_sensors | Processing 371/746 | Location ID = 228403
2026-07-20 15:19:27 | INFO     | extract_sensors | Processing 372/746 | Location ID = 228840
2026-07-20 15:19:28 | INFO     | extract_sensors | Processing 373/746 | Location ID = 229195
2026-07-20 15:19:29 | INFO     | extract_sensors | Processing 374/746 | Location ID = 229252
2026-07-20 15:19:30 | INFO     | extract_sensors | Processing 375/746 | Location ID = 229404
2026-07-20 15:19:31 | INFO     | extract_sensors | Processing 376/746 | Location ID = 229473
2026-07-20 15:19:31 | INFO     | extract_sensors | Processing 377/746 | Location ID = 229728
2026-07-20 15:19:32 | INFO     | extract_sensors | Processing 378/746 | Location ID = 229729
2026-07-20 15:19:32 | INFO     | extract_sensors | Processing 379/746 | Location ID = 229730
2026-07-20 15:19:33 | INFO     | extract_sensors | Processing 380/746 | Location ID = 229731
2026-07-20 15:19:33 | INFO     | extract_sensors | Processing 381/746 | Location ID = 229985
2026-07-20 15:19:34 | INFO     | extract_sensors | Processing 382/746 | Location ID = 229987
2026-07-20 15:19:35 | INFO     | extract_sensors | Processing 383/746 | Location ID = 233414
2026-07-20 15:19:36 | INFO     | extract_sensors | Processing 384/746 | Location ID = 233415
2026-07-20 15:19:37 | INFO     | extract_sensors | Processing 385/746 | Location ID = 233416
2026-07-20 15:19:38 | INFO     | extract_sensors | Processing 386/746 | Location ID = 234568
2026-07-20 15:19:39 | INFO     | extract_sensors | Processing 387/746 | Location ID = 234997
2026-07-20 15:19:40 | INFO     | extract_sensors | Processing 388/746 | Location ID = 236406
2026-07-20 15:19:41 | INFO     | extract_sensors | Processing 389/746 | Location ID = 270697
2026-07-20 15:19:41 | INFO     | extract_sensors | Processing 390/746 | Location ID = 270703
2026-07-20 15:19:42 | INFO     | extract_sensors | Processing 391/746 | Location ID = 270704
2026-07-20 15:19:42 | INFO     | extract_sensors | Processing 392/746 | Location ID = 270708
2026-07-20 15:19:43 | INFO     | extract_sensors | Processing 393/746 | Location ID = 270720
2026-07-20 15:19:43 | INFO     | extract_sensors | Processing 394/746 | Location ID = 270721
2026-07-20 15:19:43 | INFO     | extract_sensors | Processing 395/746 | Location ID = 270722
2026-07-20 15:19:44 | INFO     | extract_sensors | Processing 396/746 | Location ID = 270723
2026-07-20 15:19:45 | INFO     | extract_sensors | Processing 397/746 | Location ID = 270724
2026-07-20 15:19:45 | INFO     | extract_sensors | Processing 398/746 | Location ID = 270725
2026-07-20 15:19:45 | INFO     | extract_sensors | Processing 399/746 | Location ID = 270726
2026-07-20 15:19:46 | INFO     | extract_sensors | Processing 400/746 | Location ID = 270727
2026-07-20 15:19:47 | INFO     | extract_sensors | Processing 401/746 | Location ID = 270728
2026-07-20 15:19:48 | INFO     | extract_sensors | Processing 402/746 | Location ID = 270729
2026-07-20 15:19:49 | INFO     | extract_sensors | Processing 403/746 | Location ID = 270730
2026-07-20 15:19:49 | INFO     | extract_sensors | Processing 404/746 | Location ID = 270737
2026-07-20 15:19:50 | INFO     | extract_sensors | Processing 405/746 | Location ID = 270771
2026-07-20 15:19:50 | INFO     | extract_sensors | Processing 406/746 | Location ID = 270774
2026-07-20 15:19:51 | INFO     | extract_sensors | Processing 407/746 | Location ID = 270775
2026-07-20 15:19:51 | INFO     | extract_sensors | Processing 408/746 | Location ID = 270777
2026-07-20 15:19:52 | INFO     | extract_sensors | Processing 409/746 | Location ID = 270877
2026-07-20 15:19:53 | INFO     | extract_sensors | Processing 410/746 | Location ID = 278159
2026-07-20 15:19:53 | INFO     | extract_sensors | Processing 411/746 | Location ID = 278418
2026-07-20 15:19:54 | INFO     | extract_sensors | Processing 412/746 | Location ID = 278671
2026-07-20 15:19:55 | INFO     | extract_sensors | Processing 413/746 | Location ID = 301387
2026-07-20 15:19:56 | INFO     | extract_sensors | Processing 414/746 | Location ID = 301388
2026-07-20 15:19:57 | INFO     | extract_sensors | Processing 415/746 | Location ID = 301389
2026-07-20 15:19:58 | INFO     | extract_sensors | Processing 416/746 | Location ID = 301390
2026-07-20 15:19:59 | INFO     | extract_sensors | Processing 417/746 | Location ID = 301391
2026-07-20 15:20:00 | INFO     | extract_sensors | Processing 418/746 | Location ID = 301670
2026-07-20 15:20:01 | INFO     | extract_sensors | Processing 419/746 | Location ID = 304956
2026-07-20 15:20:02 | INFO     | extract_sensors | Processing 420/746 | Location ID = 306252
2026-07-20 15:20:02 | INFO     | extract_sensors | Processing 421/746 | Location ID = 307463
2026-07-20 15:20:03 | WARNING  | extract_sensors | Rate limit hit (429). Sleeping 17s before retry (1/10)...
2026-07-20 15:20:21 | INFO     | extract_sensors | Processing 422/746 | Location ID = 309803
2026-07-20 15:20:22 | INFO     | extract_sensors | Processing 423/746 | Location ID = 313410
2026-07-20 15:20:23 | INFO     | extract_sensors | Processing 424/746 | Location ID = 313411
2026-07-20 15:20:23 | INFO     | extract_sensors | Processing 425/746 | Location ID = 313923
2026-07-20 15:20:24 | INFO     | extract_sensors | Processing 426/746 | Location ID = 317035
2026-07-20 15:20:25 | INFO     | extract_sensors | Processing 427/746 | Location ID = 330021
2026-07-20 15:20:26 | INFO     | extract_sensors | Processing 428/746 | Location ID = 344103
2026-07-20 15:20:26 | INFO     | extract_sensors | Processing 429/746 | Location ID = 344104
2026-07-20 15:20:26 | INFO     | extract_sensors | Processing 430/746 | Location ID = 344140
2026-07-20 15:20:27 | INFO     | extract_sensors | Processing 431/746 | Location ID = 344142
2026-07-20 15:20:28 | INFO     | extract_sensors | Processing 432/746 | Location ID = 344144
2026-07-20 15:20:29 | INFO     | extract_sensors | Processing 433/746 | Location ID = 346257
2026-07-20 15:20:30 | INFO     | extract_sensors | Processing 434/746 | Location ID = 346258
2026-07-20 15:20:30 | INFO     | extract_sensors | Processing 435/746 | Location ID = 346438
2026-07-20 15:20:30 | INFO     | extract_sensors | Processing 436/746 | Location ID = 346439
2026-07-20 15:20:31 | INFO     | extract_sensors | Processing 437/746 | Location ID = 352465
2026-07-20 15:20:32 | INFO     | extract_sensors | Processing 438/746 | Location ID = 352777
2026-07-20 15:20:33 | INFO     | extract_sensors | Processing 439/746 | Location ID = 353715
2026-07-20 15:20:33 | INFO     | extract_sensors | Processing 440/746 | Location ID = 358448
2026-07-20 15:20:34 | INFO     | extract_sensors | Processing 441/746 | Location ID = 358450
2026-07-20 15:20:35 | INFO     | extract_sensors | Processing 442/746 | Location ID = 358451
2026-07-20 15:20:35 | INFO     | extract_sensors | Processing 443/746 | Location ID = 358452
2026-07-20 15:20:36 | INFO     | extract_sensors | Processing 444/746 | Location ID = 358453
2026-07-20 15:20:36 | INFO     | extract_sensors | Processing 445/746 | Location ID = 358454
2026-07-20 15:20:37 | INFO     | extract_sensors | Processing 446/746 | Location ID = 358455
2026-07-20 15:20:38 | INFO     | extract_sensors | Processing 447/746 | Location ID = 358456
2026-07-20 15:20:39 | INFO     | extract_sensors | Processing 448/746 | Location ID = 358457
2026-07-20 15:20:39 | INFO     | extract_sensors | Processing 449/746 | Location ID = 358467
2026-07-20 15:20:39 | INFO     | extract_sensors | Processing 450/746 | Location ID = 358627
2026-07-20 15:20:40 | INFO     | extract_sensors | Processing 451/746 | Location ID = 358665
2026-07-20 15:20:41 | INFO     | extract_sensors | Processing 452/746 | Location ID = 361378
2026-07-20 15:20:42 | INFO     | extract_sensors | Processing 453/746 | Location ID = 361411
2026-07-20 15:20:42 | INFO     | extract_sensors | Processing 454/746 | Location ID = 363601
2026-07-20 15:20:43 | INFO     | extract_sensors | Processing 455/746 | Location ID = 1236037
2026-07-20 15:20:44 | INFO     | extract_sensors | Processing 456/746 | Location ID = 1285345
2026-07-20 15:20:44 | INFO     | extract_sensors | Processing 457/746 | Location ID = 2498781
2026-07-20 15:20:45 | INFO     | extract_sensors | Processing 458/746 | Location ID = 2860223
2026-07-20 15:20:45 | INFO     | extract_sensors | Processing 459/746 | Location ID = 3024966
2026-07-20 15:20:46 | INFO     | extract_sensors | Processing 460/746 | Location ID = 3174188
2026-07-20 15:20:46 | INFO     | extract_sensors | Processing 461/746 | Location ID = 3174189
2026-07-20 15:20:47 | INFO     | extract_sensors | Processing 462/746 | Location ID = 3174190
2026-07-20 15:20:48 | INFO     | extract_sensors | Processing 463/746 | Location ID = 3409309
2026-07-20 15:20:48 | INFO     | extract_sensors | Processing 464/746 | Location ID = 3409312
2026-07-20 15:20:49 | INFO     | extract_sensors | Processing 465/746 | Location ID = 3409317
2026-07-20 15:20:50 | INFO     | extract_sensors | Processing 466/746 | Location ID = 3409318
2026-07-20 15:20:50 | INFO     | extract_sensors | Processing 467/746 | Location ID = 3409319
2026-07-20 15:20:51 | INFO     | extract_sensors | Processing 468/746 | Location ID = 3409320
2026-07-20 15:20:51 | INFO     | extract_sensors | Processing 469/746 | Location ID = 3409321
2026-07-20 15:20:52 | INFO     | extract_sensors | Processing 470/746 | Location ID = 3409322
2026-07-20 15:20:52 | INFO     | extract_sensors | Processing 471/746 | Location ID = 3409323
2026-07-20 15:20:53 | INFO     | extract_sensors | Processing 472/746 | Location ID = 3409327
2026-07-20 15:28:50 | INFO     | extract_sensors | === Starting extract_sensors.py ===
2026-07-20 15:28:50 | INFO     | extract_sensors | Loaded 746 unique location IDs
2026-07-20 15:28:50 | INFO     | extract_sensors | Processing 1/746 | Location ID = 12
2026-07-20 15:28:53 | INFO     | extract_sensors | Processing 2/746 | Location ID = 13
2026-07-20 15:28:54 | INFO     | extract_sensors | Processing 3/746 | Location ID = 15
2026-07-20 15:28:54 | INFO     | extract_sensors | Processing 4/746 | Location ID = 16
2026-07-20 15:28:55 | INFO     | extract_sensors | Processing 5/746 | Location ID = 17
2026-07-20 15:28:56 | INFO     | extract_sensors | Processing 6/746 | Location ID = 50
2026-07-20 15:28:57 | INFO     | extract_sensors | Processing 7/746 | Location ID = 103
2026-07-20 15:28:57 | INFO     | extract_sensors | Processing 8/746 | Location ID = 235
2026-07-20 15:28:58 | INFO     | extract_sensors | Processing 9/746 | Location ID = 236
2026-07-20 15:28:59 | INFO     | extract_sensors | Processing 10/746 | Location ID = 286
2026-07-20 15:28:59 | INFO     | extract_sensors | Processing 11/746 | Location ID = 301
2026-07-20 15:29:00 | INFO     | extract_sensors | Processing 12/746 | Location ID = 346
2026-07-20 15:29:01 | INFO     | extract_sensors | Processing 13/746 | Location ID = 354
2026-07-20 15:29:01 | INFO     | extract_sensors | Processing 14/746 | Location ID = 378
2026-07-20 15:29:02 | INFO     | extract_sensors | Processing 15/746 | Location ID = 407
2026-07-20 15:29:03 | INFO     | extract_sensors | Processing 16/746 | Location ID = 412
2026-07-20 15:29:03 | INFO     | extract_sensors | Processing 17/746 | Location ID = 431
2026-07-20 15:29:04 | INFO     | extract_sensors | Processing 18/746 | Location ID = 594
2026-07-20 15:29:04 | INFO     | extract_sensors | Processing 19/746 | Location ID = 697
2026-07-20 15:29:05 | INFO     | extract_sensors | Processing 20/746 | Location ID = 703
2026-07-20 15:29:05 | INFO     | extract_sensors | Processing 21/746 | Location ID = 716
2026-07-20 15:29:06 | INFO     | extract_sensors | Processing 22/746 | Location ID = 797
2026-07-20 15:29:07 | INFO     | extract_sensors | Processing 23/746 | Location ID = 854
2026-07-20 15:29:08 | INFO     | extract_sensors | Processing 24/746 | Location ID = 860
2026-07-20 15:29:08 | INFO     | extract_sensors | Processing 25/746 | Location ID = 910
2026-07-20 15:29:08 | INFO     | extract_sensors | Processing 26/746 | Location ID = 985
2026-07-20 15:29:09 | INFO     | extract_sensors | Processing 27/746 | Location ID = 2345
2026-07-20 15:29:09 | INFO     | extract_sensors | Processing 28/746 | Location ID = 2456
2026-07-20 15:29:10 | INFO     | extract_sensors | Processing 29/746 | Location ID = 2459
2026-07-20 15:29:11 | INFO     | extract_sensors | Processing 30/746 | Location ID = 2460
2026-07-20 15:29:11 | INFO     | extract_sensors | Processing 31/746 | Location ID = 2461
2026-07-20 15:29:12 | INFO     | extract_sensors | Processing 32/746 | Location ID = 2463
2026-07-20 15:29:14 | INFO     | extract_sensors | Processing 33/746 | Location ID = 2503
2026-07-20 15:29:14 | INFO     | extract_sensors | Processing 34/746 | Location ID = 2549
2026-07-20 15:29:15 | INFO     | extract_sensors | Processing 35/746 | Location ID = 2583
2026-07-20 15:29:15 | INFO     | extract_sensors | Processing 36/746 | Location ID = 2585
2026-07-20 15:29:16 | INFO     | extract_sensors | Processing 37/746 | Location ID = 2586
2026-07-20 15:29:17 | INFO     | extract_sensors | Processing 38/746 | Location ID = 2587
2026-07-20 15:29:18 | INFO     | extract_sensors | Processing 39/746 | Location ID = 2589
2026-07-20 15:29:18 | INFO     | extract_sensors | Processing 40/746 | Location ID = 2591
2026-07-20 15:29:18 | INFO     | extract_sensors | Processing 41/746 | Location ID = 2592
2026-07-20 15:29:19 | INFO     | extract_sensors | Processing 42/746 | Location ID = 2593
2026-07-20 15:29:19 | INFO     | extract_sensors | Processing 43/746 | Location ID = 2594
2026-07-20 15:29:20 | INFO     | extract_sensors | Processing 44/746 | Location ID = 2595
2026-07-20 15:29:21 | INFO     | extract_sensors | Processing 45/746 | Location ID = 2596
2026-07-20 15:29:21 | INFO     | extract_sensors | Processing 46/746 | Location ID = 2597
2026-07-20 15:29:22 | INFO     | extract_sensors | Processing 47/746 | Location ID = 2598
2026-07-20 15:29:23 | INFO     | extract_sensors | Processing 48/746 | Location ID = 5404
2026-07-20 15:29:23 | INFO     | extract_sensors | Processing 49/746 | Location ID = 5408
2026-07-20 15:29:24 | INFO     | extract_sensors | Processing 50/746 | Location ID = 5443
2026-07-20 15:29:25 | INFO     | extract_sensors | Processing 51/746 | Location ID = 5505
2026-07-20 15:29:25 | INFO     | extract_sensors | Processing 52/746 | Location ID = 5509
2026-07-20 15:29:26 | INFO     | extract_sensors | Processing 53/746 | Location ID = 5540
2026-07-20 15:29:26 | INFO     | extract_sensors | Processing 54/746 | Location ID = 5541
2026-07-20 15:29:27 | INFO     | extract_sensors | Processing 55/746 | Location ID = 5542
2026-07-20 15:29:28 | INFO     | extract_sensors | Processing 56/746 | Location ID = 5544
2026-07-20 15:29:28 | INFO     | extract_sensors | Processing 57/746 | Location ID = 5546
2026-07-20 15:29:28 | INFO     | extract_sensors | Processing 58/746 | Location ID = 5547
2026-07-20 15:29:29 | INFO     | extract_sensors | Processing 59/746 | Location ID = 5548
2026-07-20 15:29:30 | INFO     | extract_sensors | Processing 60/746 | Location ID = 5551
2026-07-20 15:29:30 | INFO     | extract_sensors | Processing 61/746 | Location ID = 5552
2026-07-20 15:29:31 | INFO     | extract_sensors | Processing 62/746 | Location ID = 5558
2026-07-20 15:29:31 | INFO     | extract_sensors | Processing 63/746 | Location ID = 5559
2026-07-20 15:29:32 | INFO     | extract_sensors | Processing 64/746 | Location ID = 5565
2026-07-20 15:29:33 | INFO     | extract_sensors | Processing 65/746 | Location ID = 5566
2026-07-20 15:29:33 | INFO     | extract_sensors | Processing 66/746 | Location ID = 5569
2026-07-20 15:29:33 | INFO     | extract_sensors | Processing 67/746 | Location ID = 5570
2026-07-20 15:29:34 | INFO     | extract_sensors | Processing 68/746 | Location ID = 5574
2026-07-20 15:29:34 | INFO     | extract_sensors | Processing 69/746 | Location ID = 5576
2026-07-20 15:29:35 | INFO     | extract_sensors | Processing 70/746 | Location ID = 5581
2026-07-20 15:29:35 | INFO     | extract_sensors | Processing 71/746 | Location ID = 5585
2026-07-20 15:29:36 | INFO     | extract_sensors | Processing 72/746 | Location ID = 5586
2026-07-20 15:29:37 | INFO     | extract_sensors | Processing 73/746 | Location ID = 5587
2026-07-20 15:29:38 | INFO     | extract_sensors | Processing 74/746 | Location ID = 5588
2026-07-20 15:29:38 | INFO     | extract_sensors | Processing 75/746 | Location ID = 5590
2026-07-20 15:29:39 | INFO     | extract_sensors | Processing 76/746 | Location ID = 5592
2026-07-20 15:29:40 | INFO     | extract_sensors | Processing 77/746 | Location ID = 5593
2026-07-20 15:29:40 | INFO     | extract_sensors | Processing 78/746 | Location ID = 5594
2026-07-20 15:29:41 | INFO     | extract_sensors | Processing 79/746 | Location ID = 5596
2026-07-20 15:29:42 | INFO     | extract_sensors | Processing 80/746 | Location ID = 5598
2026-07-20 15:29:42 | INFO     | extract_sensors | Processing 81/746 | Location ID = 5599
2026-07-20 15:29:43 | INFO     | extract_sensors | Processing 82/746 | Location ID = 5601
2026-07-20 15:29:44 | INFO     | extract_sensors | Processing 83/746 | Location ID = 5602
2026-07-20 15:29:45 | INFO     | extract_sensors | Processing 84/746 | Location ID = 5603
2026-07-20 15:29:45 | INFO     | extract_sensors | Processing 85/746 | Location ID = 5604
2026-07-20 15:29:45 | INFO     | extract_sensors | Processing 86/746 | Location ID = 5607
2026-07-20 15:29:46 | INFO     | extract_sensors | Processing 87/746 | Location ID = 5608
2026-07-20 15:29:47 | INFO     | extract_sensors | Processing 88/746 | Location ID = 5609
2026-07-20 15:29:48 | INFO     | extract_sensors | Processing 89/746 | Location ID = 5610
2026-07-20 15:29:48 | INFO     | extract_sensors | Processing 90/746 | Location ID = 5611
2026-07-20 15:29:49 | INFO     | extract_sensors | Processing 91/746 | Location ID = 5612
2026-07-20 15:29:50 | INFO     | extract_sensors | Processing 92/746 | Location ID = 5613
2026-07-20 15:29:50 | INFO     | extract_sensors | Processing 93/746 | Location ID = 5614
2026-07-20 15:29:51 | INFO     | extract_sensors | Processing 94/746 | Location ID = 5615
2026-07-20 15:29:52 | INFO     | extract_sensors | Processing 95/746 | Location ID = 5616
2026-07-20 15:29:52 | INFO     | extract_sensors | Processing 96/746 | Location ID = 5617
2026-07-20 15:29:53 | WARNING  | extract_sensors | Rate limit hit (429). Sleeping 23s before retry (1/10)...
2026-07-20 15:30:17 | INFO     | extract_sensors | Processing 97/746 | Location ID = 5619
2026-07-20 15:30:18 | INFO     | extract_sensors | Processing 98/746 | Location ID = 5621
2026-07-20 15:30:19 | INFO     | extract_sensors | Processing 99/746 | Location ID = 5622
2026-07-20 15:30:20 | INFO     | extract_sensors | Processing 100/746 | Location ID = 5623
2026-07-20 15:30:21 | INFO     | extract_sensors | Processing 101/746 | Location ID = 5624
2026-07-20 15:30:21 | INFO     | extract_sensors | Processing 102/746 | Location ID = 5625
2026-07-20 15:30:22 | INFO     | extract_sensors | Processing 103/746 | Location ID = 5626
2026-07-20 15:30:23 | INFO     | extract_sensors | Processing 104/746 | Location ID = 5627
2026-07-20 15:30:24 | INFO     | extract_sensors | Processing 105/746 | Location ID = 5628
2026-07-20 15:30:24 | INFO     | extract_sensors | Processing 106/746 | Location ID = 5630
2026-07-20 15:30:25 | INFO     | extract_sensors | Processing 107/746 | Location ID = 5631
2026-07-20 15:30:26 | INFO     | extract_sensors | Processing 108/746 | Location ID = 5632
2026-07-20 15:30:27 | INFO     | extract_sensors | Processing 109/746 | Location ID = 5633
2026-07-20 15:30:27 | INFO     | extract_sensors | Processing 110/746 | Location ID = 5634
2026-07-20 15:30:27 | INFO     | extract_sensors | Processing 111/746 | Location ID = 5635
2026-07-20 15:30:28 | INFO     | extract_sensors | Processing 112/746 | Location ID = 5636
2026-07-20 15:30:29 | INFO     | extract_sensors | Processing 113/746 | Location ID = 5638
2026-07-20 15:30:29 | INFO     | extract_sensors | Processing 114/746 | Location ID = 5639
2026-07-20 15:30:30 | INFO     | extract_sensors | Processing 115/746 | Location ID = 5641
2026-07-20 15:30:30 | INFO     | extract_sensors | Processing 116/746 | Location ID = 5642
2026-07-20 15:30:31 | INFO     | extract_sensors | Processing 117/746 | Location ID = 5644
2026-07-20 15:30:32 | INFO     | extract_sensors | Processing 118/746 | Location ID = 5645
2026-07-20 15:30:32 | INFO     | extract_sensors | Processing 119/746 | Location ID = 5646
2026-07-20 15:30:33 | INFO     | extract_sensors | Processing 120/746 | Location ID = 5647
2026-07-20 15:30:34 | INFO     | extract_sensors | Processing 121/746 | Location ID = 5648
2026-07-20 15:30:35 | INFO     | extract_sensors | Processing 122/746 | Location ID = 5649
2026-07-20 15:30:35 | INFO     | extract_sensors | Processing 123/746 | Location ID = 5650
2026-07-20 15:30:36 | INFO     | extract_sensors | Processing 124/746 | Location ID = 5652
2026-07-20 15:30:36 | INFO     | extract_sensors | Processing 125/746 | Location ID = 5655
2026-07-20 15:30:37 | INFO     | extract_sensors | Processing 126/746 | Location ID = 5657
2026-07-20 15:30:38 | INFO     | extract_sensors | Processing 127/746 | Location ID = 5659
2026-07-20 15:30:39 | INFO     | extract_sensors | Processing 128/746 | Location ID = 5661
2026-07-20 15:30:39 | INFO     | extract_sensors | Processing 129/746 | Location ID = 5662
2026-07-20 15:30:40 | INFO     | extract_sensors | Processing 130/746 | Location ID = 5664
2026-07-20 15:30:41 | INFO     | extract_sensors | Processing 131/746 | Location ID = 5665
2026-07-20 15:30:41 | INFO     | extract_sensors | Processing 132/746 | Location ID = 5667
2026-07-20 15:30:42 | INFO     | extract_sensors | Processing 133/746 | Location ID = 5742
2026-07-20 15:30:42 | INFO     | extract_sensors | Processing 134/746 | Location ID = 5743
2026-07-20 15:30:43 | INFO     | extract_sensors | Processing 135/746 | Location ID = 5744
2026-07-20 15:30:43 | INFO     | extract_sensors | Processing 136/746 | Location ID = 5745
2026-07-20 15:30:43 | INFO     | extract_sensors | Processing 137/746 | Location ID = 5753
2026-07-20 15:30:44 | INFO     | extract_sensors | Processing 138/746 | Location ID = 5754
2026-07-20 15:30:45 | INFO     | extract_sensors | Processing 139/746 | Location ID = 5755
2026-07-20 15:30:46 | INFO     | extract_sensors | Processing 140/746 | Location ID = 5759
2026-07-20 15:30:46 | INFO     | extract_sensors | Processing 141/746 | Location ID = 5760
2026-07-20 15:30:46 | INFO     | extract_sensors | Processing 142/746 | Location ID = 5761
2026-07-20 15:30:47 | INFO     | extract_sensors | Processing 143/746 | Location ID = 5762
2026-07-20 15:30:48 | INFO     | extract_sensors | Processing 144/746 | Location ID = 5763
2026-07-20 15:30:48 | INFO     | extract_sensors | Processing 145/746 | Location ID = 5765
2026-07-20 15:30:49 | INFO     | extract_sensors | Processing 146/746 | Location ID = 5766
2026-07-20 15:30:50 | INFO     | extract_sensors | Processing 147/746 | Location ID = 6310
2026-07-20 15:30:50 | INFO     | extract_sensors | Processing 148/746 | Location ID = 6314
2026-07-20 15:30:51 | INFO     | extract_sensors | Processing 149/746 | Location ID = 6356
2026-07-20 15:30:52 | INFO     | extract_sensors | Processing 150/746 | Location ID = 6357
2026-07-20 15:30:52 | INFO     | extract_sensors | Processing 151/746 | Location ID = 6358
2026-07-20 15:30:53 | INFO     | extract_sensors | Processing 152/746 | Location ID = 6359
2026-07-20 15:30:54 | INFO     | extract_sensors | Processing 153/746 | Location ID = 6442
2026-07-20 15:30:54 | INFO     | extract_sensors | Processing 154/746 | Location ID = 6443
2026-07-20 15:30:55 | INFO     | extract_sensors | Processing 155/746 | Location ID = 6920
2026-07-20 15:30:55 | INFO     | extract_sensors | Processing 156/746 | Location ID = 6923
2026-07-20 15:30:56 | WARNING  | extract_sensors | Rate limit hit (429). Sleeping 21s before retry (1/10)...
2026-07-20 15:31:18 | INFO     | extract_sensors | Processing 157/746 | Location ID = 6924
2026-07-20 15:31:19 | INFO     | extract_sensors | Processing 158/746 | Location ID = 6927
2026-07-20 15:31:20 | INFO     | extract_sensors | Processing 159/746 | Location ID = 6928
2026-07-20 15:31:21 | INFO     | extract_sensors | Processing 160/746 | Location ID = 6929
2026-07-20 15:31:22 | INFO     | extract_sensors | Processing 161/746 | Location ID = 6930
2026-07-20 15:31:22 | INFO     | extract_sensors | Processing 162/746 | Location ID = 6931
2026-07-20 15:31:23 | INFO     | extract_sensors | Processing 163/746 | Location ID = 6932
2026-07-20 15:31:23 | INFO     | extract_sensors | Processing 164/746 | Location ID = 6933
2026-07-20 15:31:24 | INFO     | extract_sensors | Processing 165/746 | Location ID = 6934
2026-07-20 15:31:24 | INFO     | extract_sensors | Processing 166/746 | Location ID = 6935
2026-07-20 15:31:25 | INFO     | extract_sensors | Processing 167/746 | Location ID = 6936
2026-07-20 15:31:26 | INFO     | extract_sensors | Processing 168/746 | Location ID = 6937
2026-07-20 15:31:27 | INFO     | extract_sensors | Processing 169/746 | Location ID = 6938
2026-07-20 15:31:28 | INFO     | extract_sensors | Processing 170/746 | Location ID = 6939
2026-07-20 15:31:28 | INFO     | extract_sensors | Processing 171/746 | Location ID = 6940
2026-07-20 15:31:29 | INFO     | extract_sensors | Processing 172/746 | Location ID = 6941
2026-07-20 15:31:29 | INFO     | extract_sensors | Processing 173/746 | Location ID = 6942
2026-07-20 15:31:30 | INFO     | extract_sensors | Processing 174/746 | Location ID = 6943
2026-07-20 15:31:30 | INFO     | extract_sensors | Processing 175/746 | Location ID = 6944
2026-07-20 15:31:31 | INFO     | extract_sensors | Processing 176/746 | Location ID = 6945
2026-07-20 15:31:32 | INFO     | extract_sensors | Processing 177/746 | Location ID = 6946
2026-07-20 15:31:33 | INFO     | extract_sensors | Processing 178/746 | Location ID = 6947
2026-07-20 15:31:34 | INFO     | extract_sensors | Processing 179/746 | Location ID = 6948
2026-07-20 15:31:34 | INFO     | extract_sensors | Processing 180/746 | Location ID = 6949
2026-07-20 15:31:35 | INFO     | extract_sensors | Processing 181/746 | Location ID = 6950
2026-07-20 15:31:35 | INFO     | extract_sensors | Processing 182/746 | Location ID = 6951
2026-07-20 15:31:36 | INFO     | extract_sensors | Processing 183/746 | Location ID = 6952
2026-07-20 15:31:37 | INFO     | extract_sensors | Processing 184/746 | Location ID = 6953
2026-07-20 15:31:37 | INFO     | extract_sensors | Processing 185/746 | Location ID = 6954
2026-07-20 15:31:37 | INFO     | extract_sensors | Processing 186/746 | Location ID = 6955
2026-07-20 15:31:38 | INFO     | extract_sensors | Processing 187/746 | Location ID = 6956
2026-07-20 15:31:39 | INFO     | extract_sensors | Processing 188/746 | Location ID = 6957
2026-07-20 15:31:40 | INFO     | extract_sensors | Processing 189/746 | Location ID = 6958
2026-07-20 15:31:41 | INFO     | extract_sensors | Processing 190/746 | Location ID = 6959
2026-07-20 15:31:42 | INFO     | extract_sensors | Processing 191/746 | Location ID = 6960
2026-07-20 15:31:43 | INFO     | extract_sensors | Processing 192/746 | Location ID = 6961
2026-07-20 15:31:43 | INFO     | extract_sensors | Processing 193/746 | Location ID = 6962
2026-07-20 15:31:43 | INFO     | extract_sensors | Processing 194/746 | Location ID = 6963
2026-07-20 15:31:44 | INFO     | extract_sensors | Processing 195/746 | Location ID = 6964
2026-07-20 15:31:45 | INFO     | extract_sensors | Processing 196/746 | Location ID = 6965
2026-07-20 15:31:46 | INFO     | extract_sensors | Processing 197/746 | Location ID = 6966
2026-07-20 15:31:47 | INFO     | extract_sensors | Processing 198/746 | Location ID = 6967
2026-07-20 15:31:48 | INFO     | extract_sensors | Processing 199/746 | Location ID = 6968
2026-07-20 15:31:48 | INFO     | extract_sensors | Processing 200/746 | Location ID = 6969
2026-07-20 15:31:49 | INFO     | extract_sensors | Processing 201/746 | Location ID = 6970
2026-07-20 15:31:50 | INFO     | extract_sensors | Processing 202/746 | Location ID = 6971
2026-07-20 15:31:51 | INFO     | extract_sensors | Processing 203/746 | Location ID = 6972
2026-07-20 15:31:51 | INFO     | extract_sensors | Processing 204/746 | Location ID = 6973
2026-07-20 15:31:52 | INFO     | extract_sensors | Processing 205/746 | Location ID = 6974
2026-07-20 15:31:53 | INFO     | extract_sensors | Processing 206/746 | Location ID = 6975
2026-07-20 15:31:54 | INFO     | extract_sensors | Processing 207/746 | Location ID = 6976
2026-07-20 15:31:54 | INFO     | extract_sensors | Processing 208/746 | Location ID = 6978
2026-07-20 15:31:55 | INFO     | extract_sensors | Processing 209/746 | Location ID = 6979
2026-07-20 15:31:55 | INFO     | extract_sensors | Processing 210/746 | Location ID = 6980
2026-07-20 15:31:56 | INFO     | extract_sensors | Processing 211/746 | Location ID = 6981
2026-07-20 15:31:56 | INFO     | extract_sensors | Processing 212/746 | Location ID = 6982
2026-07-20 15:31:57 | INFO     | extract_sensors | Processing 213/746 | Location ID = 6983
2026-07-20 15:31:57 | INFO     | extract_sensors | Processing 214/746 | Location ID = 6984
2026-07-20 15:31:58 | INFO     | extract_sensors | Processing 215/746 | Location ID = 6985
2026-07-20 15:31:59 | INFO     | extract_sensors | Processing 216/746 | Location ID = 6986
2026-07-20 15:31:59 | WARNING  | extract_sensors | Rate limit hit (429). Sleeping 18s before retry (1/10)...
2026-07-20 15:32:18 | INFO     | extract_sensors | Processing 217/746 | Location ID = 6987
2026-07-20 15:32:19 | INFO     | extract_sensors | Processing 218/746 | Location ID = 6988
2026-07-20 15:32:20 | INFO     | extract_sensors | Processing 219/746 | Location ID = 7005
2026-07-20 15:32:21 | INFO     | extract_sensors | Processing 220/746 | Location ID = 7044
2026-07-20 15:32:21 | INFO     | extract_sensors | Processing 221/746 | Location ID = 7140
2026-07-20 15:32:21 | INFO     | extract_sensors | Processing 222/746 | Location ID = 7280
2026-07-20 15:32:22 | INFO     | extract_sensors | Processing 223/746 | Location ID = 7281
2026-07-20 15:32:22 | INFO     | extract_sensors | Processing 224/746 | Location ID = 7282
2026-07-20 15:32:23 | INFO     | extract_sensors | Processing 225/746 | Location ID = 7283
2026-07-20 15:32:24 | INFO     | extract_sensors | Processing 226/746 | Location ID = 7289
2026-07-20 15:32:25 | INFO     | extract_sensors | Processing 227/746 | Location ID = 7292
2026-07-20 15:32:25 | INFO     | extract_sensors | Processing 228/746 | Location ID = 7299
2026-07-20 15:32:26 | INFO     | extract_sensors | Processing 229/746 | Location ID = 7434
2026-07-20 15:32:26 | INFO     | extract_sensors | Processing 230/746 | Location ID = 7494
2026-07-20 15:32:27 | INFO     | extract_sensors | Processing 231/746 | Location ID = 7495
2026-07-20 15:32:28 | INFO     | extract_sensors | Processing 232/746 | Location ID = 7583
2026-07-20 15:32:29 | INFO     | extract_sensors | Processing 233/746 | Location ID = 7720
2026-07-20 15:32:30 | INFO     | extract_sensors | Processing 234/746 | Location ID = 7752
2026-07-20 15:32:30 | INFO     | extract_sensors | Processing 235/746 | Location ID = 7777
2026-07-20 15:32:31 | INFO     | extract_sensors | Processing 236/746 | Location ID = 7833
2026-07-20 15:32:32 | INFO     | extract_sensors | Processing 237/746 | Location ID = 7850
2026-07-20 15:32:33 | INFO     | extract_sensors | Processing 238/746 | Location ID = 7880
2026-07-20 15:32:34 | INFO     | extract_sensors | Processing 239/746 | Location ID = 7901
2026-07-20 15:32:34 | INFO     | extract_sensors | Processing 240/746 | Location ID = 7979
2026-07-20 15:32:35 | INFO     | extract_sensors | Processing 241/746 | Location ID = 8035
2026-07-20 15:32:35 | INFO     | extract_sensors | Processing 242/746 | Location ID = 8039
2026-07-20 15:32:36 | INFO     | extract_sensors | Processing 243/746 | Location ID = 8092
2026-07-20 15:32:36 | INFO     | extract_sensors | Processing 244/746 | Location ID = 8118
2026-07-20 15:32:37 | INFO     | extract_sensors | Processing 245/746 | Location ID = 8153
2026-07-20 15:32:38 | INFO     | extract_sensors | Processing 246/746 | Location ID = 8171
2026-07-20 15:32:39 | INFO     | extract_sensors | Processing 247/746 | Location ID = 8172
2026-07-20 15:32:40 | INFO     | extract_sensors | Processing 248/746 | Location ID = 8190
2026-07-20 15:32:41 | INFO     | extract_sensors | Processing 249/746 | Location ID = 8235
2026-07-20 15:32:42 | INFO     | extract_sensors | Processing 250/746 | Location ID = 8239
2026-07-20 15:32:43 | INFO     | extract_sensors | Processing 251/746 | Location ID = 8245
2026-07-20 15:32:43 | INFO     | extract_sensors | Processing 252/746 | Location ID = 8319
2026-07-20 15:32:43 | INFO     | extract_sensors | Processing 253/746 | Location ID = 8365
2026-07-20 15:32:44 | INFO     | extract_sensors | Processing 254/746 | Location ID = 8472
2026-07-20 15:32:45 | INFO     | extract_sensors | Processing 255/746 | Location ID = 8475
2026-07-20 15:32:45 | INFO     | extract_sensors | Processing 256/746 | Location ID = 8557
2026-07-20 15:32:46 | INFO     | extract_sensors | Processing 257/746 | Location ID = 8558
2026-07-20 15:32:46 | INFO     | extract_sensors | Processing 258/746 | Location ID = 8914
2026-07-20 15:32:47 | INFO     | extract_sensors | Processing 259/746 | Location ID = 8915
2026-07-20 15:32:48 | INFO     | extract_sensors | Processing 260/746 | Location ID = 8916
2026-07-20 15:32:48 | INFO     | extract_sensors | Processing 261/746 | Location ID = 8917
2026-07-20 15:32:49 | INFO     | extract_sensors | Processing 262/746 | Location ID = 10484
2026-07-20 15:32:50 | INFO     | extract_sensors | Processing 263/746 | Location ID = 10485
2026-07-20 15:32:51 | INFO     | extract_sensors | Processing 264/746 | Location ID = 10486
2026-07-20 15:32:52 | INFO     | extract_sensors | Processing 265/746 | Location ID = 10487
2026-07-20 15:32:52 | INFO     | extract_sensors | Processing 266/746 | Location ID = 10488
2026-07-20 15:32:53 | INFO     | extract_sensors | Processing 267/746 | Location ID = 10489
2026-07-20 15:32:54 | INFO     | extract_sensors | Processing 268/746 | Location ID = 10537
2026-07-20 15:32:55 | INFO     | extract_sensors | Processing 269/746 | Location ID = 10545
2026-07-20 15:32:56 | INFO     | extract_sensors | Processing 270/746 | Location ID = 10599
2026-07-20 15:32:57 | INFO     | extract_sensors | Processing 271/746 | Location ID = 10609
2026-07-20 15:32:58 | INFO     | extract_sensors | Processing 272/746 | Location ID = 10630
2026-07-20 15:32:58 | INFO     | extract_sensors | Processing 273/746 | Location ID = 10633
2026-07-20 15:32:59 | INFO     | extract_sensors | Processing 274/746 | Location ID = 10645
2026-07-20 15:33:01 | INFO     | extract_sensors | Processing 275/746 | Location ID = 10670
2026-07-20 15:33:02 | INFO     | extract_sensors | Processing 276/746 | Location ID = 10695
2026-07-20 15:33:03 | WARNING  | extract_sensors | Rate limit hit (429). Sleeping 15s before retry (1/10)...
2026-07-20 15:33:18 | INFO     | extract_sensors | Processing 277/746 | Location ID = 10697
2026-07-20 15:33:19 | INFO     | extract_sensors | Processing 278/746 | Location ID = 10725
2026-07-20 15:33:21 | INFO     | extract_sensors | Processing 279/746 | Location ID = 10747
2026-07-20 15:33:21 | INFO     | extract_sensors | Processing 280/746 | Location ID = 10780
2026-07-20 15:33:22 | INFO     | extract_sensors | Processing 281/746 | Location ID = 10820
2026-07-20 15:33:23 | INFO     | extract_sensors | Processing 282/746 | Location ID = 10823
2026-07-20 15:33:24 | INFO     | extract_sensors | Processing 283/746 | Location ID = 10825
2026-07-20 15:33:24 | INFO     | extract_sensors | Processing 284/746 | Location ID = 10831
2026-07-20 15:33:25 | INFO     | extract_sensors | Processing 285/746 | Location ID = 10844
2026-07-20 15:33:25 | INFO     | extract_sensors | Processing 286/746 | Location ID = 10851
2026-07-20 15:33:25 | INFO     | extract_sensors | Processing 287/746 | Location ID = 10895
2026-07-20 15:33:26 | INFO     | extract_sensors | Processing 288/746 | Location ID = 10896
2026-07-20 15:33:27 | INFO     | extract_sensors | Processing 289/746 | Location ID = 10897
2026-07-20 15:33:27 | INFO     | extract_sensors | Processing 290/746 | Location ID = 10898
2026-07-20 15:33:28 | INFO     | extract_sensors | Processing 291/746 | Location ID = 10900
2026-07-20 15:33:29 | INFO     | extract_sensors | Processing 292/746 | Location ID = 10901
2026-07-20 15:33:30 | INFO     | extract_sensors | Processing 293/746 | Location ID = 10902
2026-07-20 15:33:31 | INFO     | extract_sensors | Processing 294/746 | Location ID = 10903
2026-07-20 15:33:32 | INFO     | extract_sensors | Processing 295/746 | Location ID = 10904
2026-07-20 15:33:32 | INFO     | extract_sensors | Processing 296/746 | Location ID = 10905
2026-07-20 15:33:33 | INFO     | extract_sensors | Processing 297/746 | Location ID = 10906
2026-07-20 15:33:33 | INFO     | extract_sensors | Processing 298/746 | Location ID = 10907
2026-07-20 15:33:34 | INFO     | extract_sensors | Processing 299/746 | Location ID = 10908
2026-07-20 15:33:35 | INFO     | extract_sensors | Processing 300/746 | Location ID = 10909
2026-07-20 15:33:35 | INFO     | extract_sensors | Processing 301/746 | Location ID = 10910
2026-07-20 15:33:36 | INFO     | extract_sensors | Processing 302/746 | Location ID = 10911
2026-07-20 15:33:37 | INFO     | extract_sensors | Processing 303/746 | Location ID = 10912
2026-07-20 15:33:37 | INFO     | extract_sensors | Processing 304/746 | Location ID = 10913
2026-07-20 15:33:38 | INFO     | extract_sensors | Processing 305/746 | Location ID = 10914
2026-07-20 15:33:39 | INFO     | extract_sensors | Processing 306/746 | Location ID = 10915
2026-07-20 15:33:40 | INFO     | extract_sensors | Processing 307/746 | Location ID = 10916
2026-07-20 15:33:40 | INFO     | extract_sensors | Processing 308/746 | Location ID = 10917
2026-07-20 15:33:41 | INFO     | extract_sensors | Processing 309/746 | Location ID = 10918
2026-07-20 15:33:42 | INFO     | extract_sensors | Processing 310/746 | Location ID = 10919
2026-07-20 15:33:42 | INFO     | extract_sensors | Processing 311/746 | Location ID = 10920
2026-07-20 15:33:43 | INFO     | extract_sensors | Processing 312/746 | Location ID = 10921
2026-07-20 15:33:44 | INFO     | extract_sensors | Processing 313/746 | Location ID = 11577
2026-07-20 15:33:45 | INFO     | extract_sensors | Processing 314/746 | Location ID = 11578
2026-07-20 15:33:46 | INFO     | extract_sensors | Processing 315/746 | Location ID = 11579
2026-07-20 15:33:47 | INFO     | extract_sensors | Processing 316/746 | Location ID = 11580
2026-07-20 15:33:48 | INFO     | extract_sensors | Processing 317/746 | Location ID = 11581
2026-07-20 15:33:49 | INFO     | extract_sensors | Processing 318/746 | Location ID = 11582
2026-07-20 15:33:50 | INFO     | extract_sensors | Processing 319/746 | Location ID = 11583
2026-07-20 15:33:51 | INFO     | extract_sensors | Processing 320/746 | Location ID = 11602
2026-07-20 15:33:51 | INFO     | extract_sensors | Processing 321/746 | Location ID = 11603
2026-07-20 15:33:53 | INFO     | extract_sensors | Processing 322/746 | Location ID = 11604
2026-07-20 15:33:53 | INFO     | extract_sensors | Processing 323/746 | Location ID = 11606
2026-07-20 15:33:55 | INFO     | extract_sensors | Processing 324/746 | Location ID = 11607
2026-07-20 15:33:55 | INFO     | extract_sensors | Processing 325/746 | Location ID = 11608
2026-07-20 15:33:55 | INFO     | extract_sensors | Processing 326/746 | Location ID = 11609
2026-07-20 15:33:56 | INFO     | extract_sensors | Processing 327/746 | Location ID = 11610
2026-07-20 15:33:57 | INFO     | extract_sensors | Processing 328/746 | Location ID = 11611
2026-07-20 15:33:58 | INFO     | extract_sensors | Processing 329/746 | Location ID = 11612
2026-07-20 15:33:59 | INFO     | extract_sensors | Processing 330/746 | Location ID = 11613
2026-07-20 15:34:00 | INFO     | extract_sensors | Processing 331/746 | Location ID = 12024
2026-07-20 15:34:01 | INFO     | extract_sensors | Processing 332/746 | Location ID = 12039
2026-07-20 15:34:01 | INFO     | extract_sensors | Processing 333/746 | Location ID = 12040
2026-07-20 15:34:02 | INFO     | extract_sensors | Processing 334/746 | Location ID = 12041
2026-07-20 15:34:03 | INFO     | extract_sensors | Processing 335/746 | Location ID = 12042
2026-07-20 15:34:03 | INFO     | extract_sensors | Processing 336/746 | Location ID = 12043
2026-07-20 15:34:04 | WARNING  | extract_sensors | Rate limit hit (429). Sleeping 15s before retry (1/10)...
2026-07-20 15:34:20 | INFO     | extract_sensors | Processing 337/746 | Location ID = 12044
2026-07-20 15:34:21 | INFO     | extract_sensors | Processing 338/746 | Location ID = 12045
2026-07-20 15:34:21 | INFO     | extract_sensors | Processing 339/746 | Location ID = 12046
2026-07-20 15:34:22 | INFO     | extract_sensors | Processing 340/746 | Location ID = 42240
2026-07-20 15:34:23 | INFO     | extract_sensors | Processing 341/746 | Location ID = 44513
2026-07-20 15:34:24 | INFO     | extract_sensors | Processing 342/746 | Location ID = 44514
2026-07-20 15:34:24 | INFO     | extract_sensors | Processing 343/746 | Location ID = 44515
2026-07-20 15:34:25 | INFO     | extract_sensors | Processing 344/746 | Location ID = 45008
2026-07-20 15:34:26 | INFO     | extract_sensors | Processing 345/746 | Location ID = 60656
2026-07-20 15:34:27 | INFO     | extract_sensors | Processing 346/746 | Location ID = 60657
2026-07-20 15:34:28 | INFO     | extract_sensors | Processing 347/746 | Location ID = 60658
2026-07-20 15:34:28 | INFO     | extract_sensors | Processing 348/746 | Location ID = 60659
2026-07-20 15:34:29 | INFO     | extract_sensors | Processing 349/746 | Location ID = 60660
2026-07-20 15:34:30 | INFO     | extract_sensors | Processing 350/746 | Location ID = 60661
2026-07-20 15:34:31 | INFO     | extract_sensors | Processing 351/746 | Location ID = 220265
2026-07-20 15:34:32 | INFO     | extract_sensors | Processing 352/746 | Location ID = 220353
2026-07-20 15:34:32 | INFO     | extract_sensors | Processing 353/746 | Location ID = 223145
2026-07-20 15:34:33 | INFO     | extract_sensors | Processing 354/746 | Location ID = 223146
2026-07-20 15:34:34 | INFO     | extract_sensors | Processing 355/746 | Location ID = 227384
2026-07-20 15:34:35 | INFO     | extract_sensors | Processing 356/746 | Location ID = 227386
2026-07-20 15:34:35 | INFO     | extract_sensors | Processing 357/746 | Location ID = 227387
2026-07-20 15:34:36 | INFO     | extract_sensors | Processing 358/746 | Location ID = 227533
2026-07-20 15:34:36 | INFO     | extract_sensors | Processing 359/746 | Location ID = 227534
2026-07-20 15:34:37 | INFO     | extract_sensors | Processing 360/746 | Location ID = 227535
2026-07-20 15:34:38 | INFO     | extract_sensors | Processing 361/746 | Location ID = 227536
2026-07-20 15:34:38 | INFO     | extract_sensors | Processing 362/746 | Location ID = 227931
2026-07-20 15:34:39 | INFO     | extract_sensors | Processing 363/746 | Location ID = 228297
2026-07-20 15:34:40 | INFO     | extract_sensors | Processing 364/746 | Location ID = 228298
2026-07-20 15:34:41 | INFO     | extract_sensors | Processing 365/746 | Location ID = 228299
2026-07-20 15:34:41 | INFO     | extract_sensors | Processing 366/746 | Location ID = 228300
2026-07-20 15:34:41 | INFO     | extract_sensors | Processing 367/746 | Location ID = 228301
2026-07-20 15:34:42 | INFO     | extract_sensors | Processing 368/746 | Location ID = 228303
2026-07-20 15:34:43 | INFO     | extract_sensors | Processing 369/746 | Location ID = 228352
2026-07-20 15:34:44 | INFO     | extract_sensors | Processing 370/746 | Location ID = 228397
2026-07-20 15:34:46 | INFO     | extract_sensors | Processing 371/746 | Location ID = 228403
2026-07-20 15:34:46 | INFO     | extract_sensors | Processing 372/746 | Location ID = 228840
2026-07-20 15:34:47 | INFO     | extract_sensors | Processing 373/746 | Location ID = 229195
2026-07-20 15:34:47 | INFO     | extract_sensors | Processing 374/746 | Location ID = 229252
2026-07-20 15:34:48 | INFO     | extract_sensors | Processing 375/746 | Location ID = 229404
2026-07-20 15:34:48 | INFO     | extract_sensors | Processing 376/746 | Location ID = 229473
2026-07-20 15:34:48 | INFO     | extract_sensors | Processing 377/746 | Location ID = 229728
2026-07-20 15:34:49 | INFO     | extract_sensors | Processing 378/746 | Location ID = 229729
2026-07-20 15:34:50 | INFO     | extract_sensors | Processing 379/746 | Location ID = 229730
2026-07-20 15:34:51 | INFO     | extract_sensors | Processing 380/746 | Location ID = 229731
2026-07-20 15:34:51 | INFO     | extract_sensors | Processing 381/746 | Location ID = 229985
2026-07-20 15:34:51 | INFO     | extract_sensors | Processing 382/746 | Location ID = 229987
2026-07-20 15:34:52 | INFO     | extract_sensors | Processing 383/746 | Location ID = 233414
2026-07-20 15:34:53 | INFO     | extract_sensors | Processing 384/746 | Location ID = 233415
2026-07-20 15:34:54 | INFO     | extract_sensors | Processing 385/746 | Location ID = 233416
2026-07-20 15:34:54 | INFO     | extract_sensors | Processing 386/746 | Location ID = 234568
2026-07-20 15:34:55 | INFO     | extract_sensors | Processing 387/746 | Location ID = 234997
2026-07-20 15:34:56 | INFO     | extract_sensors | Processing 388/746 | Location ID = 236406
2026-07-20 15:34:57 | INFO     | extract_sensors | Processing 389/746 | Location ID = 270697
2026-07-20 15:34:58 | INFO     | extract_sensors | Processing 390/746 | Location ID = 270703
2026-07-20 15:34:59 | INFO     | extract_sensors | Processing 391/746 | Location ID = 270704
2026-07-20 15:35:00 | INFO     | extract_sensors | Processing 392/746 | Location ID = 270708
2026-07-20 15:35:01 | INFO     | extract_sensors | Processing 393/746 | Location ID = 270720
2026-07-20 15:35:02 | INFO     | extract_sensors | Processing 394/746 | Location ID = 270721
2026-07-20 15:35:03 | INFO     | extract_sensors | Processing 395/746 | Location ID = 270722
2026-07-20 15:35:03 | INFO     | extract_sensors | Processing 396/746 | Location ID = 270723
2026-07-20 15:35:04 | WARNING  | extract_sensors | Rate limit hit (429). Sleeping 16s before retry (1/10)...
2026-07-20 15:35:21 | INFO     | extract_sensors | Processing 397/746 | Location ID = 270724
2026-07-20 15:35:21 | INFO     | extract_sensors | Processing 398/746 | Location ID = 270725
2026-07-20 15:35:22 | INFO     | extract_sensors | Processing 399/746 | Location ID = 270726
2026-07-20 15:35:23 | INFO     | extract_sensors | Processing 400/746 | Location ID = 270727
2026-07-20 15:35:24 | INFO     | extract_sensors | Processing 401/746 | Location ID = 270728
2026-07-20 15:35:24 | INFO     | extract_sensors | Processing 402/746 | Location ID = 270729
2026-07-20 15:35:25 | INFO     | extract_sensors | Processing 403/746 | Location ID = 270730
2026-07-20 15:35:26 | INFO     | extract_sensors | Processing 404/746 | Location ID = 270737
2026-07-20 15:35:26 | INFO     | extract_sensors | Processing 405/746 | Location ID = 270771
2026-07-20 15:35:27 | INFO     | extract_sensors | Processing 406/746 | Location ID = 270774
2026-07-20 15:35:28 | INFO     | extract_sensors | Processing 407/746 | Location ID = 270775
2026-07-20 15:35:29 | INFO     | extract_sensors | Processing 408/746 | Location ID = 270777
2026-07-20 15:35:29 | INFO     | extract_sensors | Processing 409/746 | Location ID = 270877
2026-07-20 15:35:30 | INFO     | extract_sensors | Processing 410/746 | Location ID = 278159
2026-07-20 15:35:30 | INFO     | extract_sensors | Processing 411/746 | Location ID = 278418
2026-07-20 15:35:30 | INFO     | extract_sensors | Processing 412/746 | Location ID = 278671
2026-07-20 15:35:31 | INFO     | extract_sensors | Processing 413/746 | Location ID = 301387
2026-07-20 15:35:32 | INFO     | extract_sensors | Processing 414/746 | Location ID = 301388
2026-07-20 15:35:32 | INFO     | extract_sensors | Processing 415/746 | Location ID = 301389
2026-07-20 15:35:33 | INFO     | extract_sensors | Processing 416/746 | Location ID = 301390
2026-07-20 15:35:34 | INFO     | extract_sensors | Processing 417/746 | Location ID = 301391
2026-07-20 15:35:34 | INFO     | extract_sensors | Processing 418/746 | Location ID = 301670
2026-07-20 15:35:35 | INFO     | extract_sensors | Processing 419/746 | Location ID = 304956
2026-07-20 15:35:35 | INFO     | extract_sensors | Processing 420/746 | Location ID = 306252
2026-07-20 15:35:36 | INFO     | extract_sensors | Processing 421/746 | Location ID = 307463
2026-07-20 15:35:36 | INFO     | extract_sensors | Processing 422/746 | Location ID = 309803
2026-07-20 15:35:37 | INFO     | extract_sensors | Processing 423/746 | Location ID = 313410
2026-07-20 15:35:37 | INFO     | extract_sensors | Processing 424/746 | Location ID = 313411
2026-07-20 15:35:38 | INFO     | extract_sensors | Processing 425/746 | Location ID = 313923
2026-07-20 15:35:38 | INFO     | extract_sensors | Processing 426/746 | Location ID = 317035
2026-07-20 15:35:39 | INFO     | extract_sensors | Processing 427/746 | Location ID = 330021
2026-07-20 15:35:40 | INFO     | extract_sensors | Processing 428/746 | Location ID = 344103
2026-07-20 15:35:41 | INFO     | extract_sensors | Processing 429/746 | Location ID = 344104
2026-07-20 15:35:42 | INFO     | extract_sensors | Processing 430/746 | Location ID = 344140
2026-07-20 15:35:42 | INFO     | extract_sensors | Processing 431/746 | Location ID = 344142
2026-07-20 15:35:43 | INFO     | extract_sensors | Processing 432/746 | Location ID = 344144
2026-07-20 15:35:43 | INFO     | extract_sensors | Processing 433/746 | Location ID = 346257
2026-07-20 15:35:43 | INFO     | extract_sensors | Processing 434/746 | Location ID = 346258
2026-07-20 15:35:44 | INFO     | extract_sensors | Processing 435/746 | Location ID = 346438
2026-07-20 15:35:45 | INFO     | extract_sensors | Processing 436/746 | Location ID = 346439
2026-07-20 15:35:46 | INFO     | extract_sensors | Processing 437/746 | Location ID = 352465
2026-07-20 15:35:46 | INFO     | extract_sensors | Processing 438/746 | Location ID = 352777
2026-07-20 15:35:47 | INFO     | extract_sensors | Processing 439/746 | Location ID = 353715
2026-07-20 15:35:47 | INFO     | extract_sensors | Processing 440/746 | Location ID = 358448
2026-07-20 15:35:48 | INFO     | extract_sensors | Processing 441/746 | Location ID = 358450
2026-07-20 15:35:49 | INFO     | extract_sensors | Processing 442/746 | Location ID = 358451
2026-07-20 15:35:50 | INFO     | extract_sensors | Processing 443/746 | Location ID = 358452
2026-07-20 15:35:51 | INFO     | extract_sensors | Processing 444/746 | Location ID = 358453
2026-07-20 15:35:52 | INFO     | extract_sensors | Processing 445/746 | Location ID = 358454
2026-07-20 15:35:52 | INFO     | extract_sensors | Processing 446/746 | Location ID = 358455
2026-07-20 15:35:53 | INFO     | extract_sensors | Processing 447/746 | Location ID = 358456
2026-07-20 15:35:53 | INFO     | extract_sensors | Processing 448/746 | Location ID = 358457
2026-07-20 15:35:54 | INFO     | extract_sensors | Processing 449/746 | Location ID = 358467
2026-07-20 15:35:55 | INFO     | extract_sensors | Processing 450/746 | Location ID = 358627
2026-07-20 15:35:55 | INFO     | extract_sensors | Processing 451/746 | Location ID = 358665
2026-07-20 15:35:56 | INFO     | extract_sensors | Processing 452/746 | Location ID = 361378
2026-07-20 15:35:57 | INFO     | extract_sensors | Processing 453/746 | Location ID = 361411
2026-07-20 15:35:57 | INFO     | extract_sensors | Processing 454/746 | Location ID = 363601
2026-07-20 15:35:58 | INFO     | extract_sensors | Processing 455/746 | Location ID = 1236037
2026-07-20 15:35:58 | INFO     | extract_sensors | Processing 456/746 | Location ID = 1285345
2026-07-20 15:35:59 | WARNING  | extract_sensors | Rate limit hit (429). Sleeping 22s before retry (1/10)...
2026-07-20 15:36:21 | INFO     | extract_sensors | Processing 457/746 | Location ID = 2498781
2026-07-20 15:36:22 | INFO     | extract_sensors | Processing 458/746 | Location ID = 2860223
2026-07-20 15:36:23 | INFO     | extract_sensors | Processing 459/746 | Location ID = 3024966
2026-07-20 15:36:24 | INFO     | extract_sensors | Processing 460/746 | Location ID = 3174188
2026-07-20 15:36:24 | INFO     | extract_sensors | Processing 461/746 | Location ID = 3174189
2026-07-20 15:36:25 | INFO     | extract_sensors | Processing 462/746 | Location ID = 3174190
2026-07-20 15:36:26 | INFO     | extract_sensors | Processing 463/746 | Location ID = 3409309
2026-07-20 15:36:26 | INFO     | extract_sensors | Processing 464/746 | Location ID = 3409312
2026-07-20 15:36:26 | INFO     | extract_sensors | Processing 465/746 | Location ID = 3409317
2026-07-20 15:36:27 | INFO     | extract_sensors | Processing 466/746 | Location ID = 3409318
2026-07-20 15:36:28 | INFO     | extract_sensors | Processing 467/746 | Location ID = 3409319
2026-07-20 15:36:28 | INFO     | extract_sensors | Processing 468/746 | Location ID = 3409320
2026-07-20 15:36:29 | INFO     | extract_sensors | Processing 469/746 | Location ID = 3409321
2026-07-20 15:36:30 | INFO     | extract_sensors | Processing 470/746 | Location ID = 3409322
2026-07-20 15:36:31 | INFO     | extract_sensors | Processing 471/746 | Location ID = 3409323
2026-07-20 15:36:31 | INFO     | extract_sensors | Processing 472/746 | Location ID = 3409327
